,Partida Aduanera,Descripcion de la Partida Aduanera,Importador,Kg Bruto,Kg Neto,U$ FOB Tot,Pais de Origen,Via,Agente de Aduana,Almacen,Descripcion Comercial,Ad Valorem,IGV,IPM,Canal,Año,Mes,mes_e
0,1704909000,CHOCOLATE BLANCO Y DEMAS ARTICULOS DE CONFITERIA SIN CACAO.,ROYAL BRANDING PERU S.A.C.,302.62,291.82,375.0,ESTADOS UNIDOS,MARÍTIMO,CMC LOGISTIC´S S.A.C.,VILLAS OQUENDO S.A.,"M&M CHOCOLATE,M&M´S,S/M, REGISTRO SANITARIO:G6358119E NARYBA VIDA UTIL DEL PRODUCTO:13 MESES M&M CHOCOLATE 9/36/47.9 G ",24.43,69.04,8.63,VERDE,2021,3,Marzo
1,1704909000,CHOCOLATE BLANCO Y DEMAS ARTICULOS DE CONFITERIA SIN CACAO.,ROYAL BRANDING PERU S.A.C.,623.59,610.17,900.0,ESTADOS UNIDOS,MARÍTIMO,CMC LOGISTIC´S S.A.C.,NEPTUNIA S.A.,"M&M CHOCOLATE SINGLES,M&M´S,S/M, REGISTRO SANITARIO:G6358119E NARYBA VIDA UTIL DEL PRODUCTO:13 MESES M&M CHOCOLATE SINGLES 9/36/47.9 G ",0.0,163.28,20.41,VERDE,2021,4,Abril
2,1704909000,CHOCOLATE BLANCO Y DEMAS ARTICULOS DE CONFITERIA SIN CACAO.,ROYAL BRANDING PERU S.A.C.,1279.52,1273.58,1350.0,ESTADOS UNIDOS,MARÍTIMO,CMC LOGISTIC´S S.A.C.,VILLAS OQUENDO S.A.,"M&M MANI,M&M´S,S/M, REGISTRO SANITARIO:G6358019E NARYBA VIDA UTIL DEL PRODUCTO:13 MESES M&M MANI ",0.0,230.26,28.78,VERDE,2021,7,Julio
3,1704909000,CHOCOLATE BLANCO Y DEMAS ARTICULOS DE CONFITERIA SIN CACAO.,ROYAL BRANDING PERU S.A.C.,1279.52,1273.58,1350.0,ESTADOS UNIDOS,MARÍTIMO,CMC LOGISTIC´S S.A.C.,VILLAS OQUENDO S.A.,"M&M CHOCOLATE,M&M´S,S/M, REGISTRO SANITARIO:G6358019E NARYBA VIDA UTIL DEL PRODUCTO:13 MESES M&M CHOCOLATE ",0.0,230.26,28.78,VERDE,2021,7,Julio
4,1704909000,CHOCOLATE BLANCO Y DEMAS ARTICULOS DE CONFITERIA SIN CACAO.,ROYAL BRANDING PERU S.A.C.,697.62,694.54,1500.0,ESTADOS UNIDOS,MARÍTIMO,CMC LOGISTIC´S S.A.C.,VILLAS OQUENDO S.A.,"M&M CHOCOLATE,M&M´S,S/M, REGISTRO SANITARIO:G6358119E NARYBA VIDA UTIL DEL PRODUCTO: 13 MESES M&M CHOCOLATE ",0.0,249.49,31.19,VERDE,2021,9,Septiembre
5,1704909000,CHOCOLATE BLANCO Y DEMAS ARTICULOS DE CONFITERIA SIN CACAO.,ROYAL BRANDING PERU S.A.C.,697.62,694.54,1500.0,ESTADOS UNIDOS,MARÍTIMO,CMC LOGISTIC´S S.A.C.,VILLAS OQUENDO S.A.,"M&M CHOCOLATE CON MANI,M&M MANI,S/M, REGISTRO SANITARIO: G6358019E NARYBA VIDA UTIL DEL PRODUCTO:13 MESES M&M CHOCOLATE CON MANI ",0.0,249.5,31.19,VERDE,2021,9,Septiembre
6,1704909000,CHOCOLATE BLANCO Y DEMAS ARTICULOS DE CONFITERIA SIN CACAO.,ROYAL BRANDING PERU S.A.C.,986.91,984.08,900.0,ESTADOS UNIDOS,MARÍTIMO,CMC LOGISTIC´S S.A.C.,VILLAS OQUENDO S.A.,"CHOCOLATE M&M CHOCOLATE FUN SIZE X,M&M`S,S/M, VIDA UTIL DEL PRODUCTO: 13 MESES CODIGO DE REGISTRO SANITARIO: G6358019E NARYBA CHOCOLATE M&M CHOCOLATE FUN SIZE X 24 UND X 11 OZ ",0.0,152.86,19.11,ROJO,2021,10,Octubre
11,1806320000,"CHOCOLATES Y SUS PREPARAC. EN BLOQUES. TABLETAS O BARRAS, SIN RELLENAR",TOP PARTNER S.A.C.,7.99,6.8,115.0,ESTADOS UNIDOS,MARÍTIMO,LIP ADUANAS S.A.                                        ,NO DECLARADOS,"BARRA DE CHOCOLATE, M&MS, SIN MODELO PRODUCT NUMBER: 10183689 BARRA DE CHOCOLATE CON LECHE CON CONFITES DE CHOCOLATE CON LECHE - M&MS MILK WITH MINIS EX M&MS MCBR W MINIS 4OZ 12CT 1CS CADA CAJA MASTER CONTIENE 1 DISPLAY CON 12 UNIDADES,REGISTRO SANITARIO G6356720E NAMSFO, D",0.0,18.67,2.33,VERDE,2021,4,Abril
12,1806320000,"CHOCOLATES Y SUS PREPARAC. EN BLOQUES. TABLETAS O BARRAS, SIN RELLENAR",TOP PARTNER S.A.C.,7.82,6.63,115.0,ESTADOS UNIDOS,MARÍTIMO,LIP ADUANAS S.A.                                        ,NO DECLARADOS,"BARRA DE CHOCOLATE, M&MS, SIN MODELO PRODUCT NUMBER: 10183854 BARRA DE CHOCOLATE CON LECHE CON CONFITES DE CHOCOLATE CON LECHE, ARROZ CRUJIENTE Y MANI - M&MS MCBR W MINIS N PN 3.9OZ 12CT 1CS CADA CAJA MASTER CONTIENE 1 DISPLAY CON 12 UNIDADES,REGISTRO SANITARIO G6356820E NAMSFO, D",0.0,18.67,2.33,VERDE,2021,4,Abril
13,1806320000,"CHOCOLATES Y SUS PREPARAC. EN BLOQUES. TABLETAS O BARRAS, SIN RELLENAR",TOP PARTNER S.A.C.,7.65,6.46,115.0,ESTADOS UNIDOS,MARÍTIMO,LIP ADUANAS S.A.                                        ,NO DECLARADOS,"BARRA DE CHOCOLATE, M&MS, SIN MODELO PRODUCT NUMBER: 10183866 BARRA DE CHOCOLATE CON LECHE CON CONFITES DE CHOCOLATE CON LECHE Y ARROZ CRUJIENTE - M&MS M&MS MCBR W MINIS N CR 3.9OZ 12CT 1CS CADA CAJA MASTER CONTIENE 1 DISPLAY CON 12 UNIDADES,REGISTRO SANITARIO G6357120E NAMSFO, D",0.0,18.66,2.33,VERDE,2021,4,Abril
14,1806900000,DEMAS CHOCOLATE Y PREPARACIONES ALIMENTICIAS QUE CONTENGAN CACAO,TOP PARTNER S.A.C.,2013.1,1722.72,18928.0,ESTADOS UNIDOS,MARÍTIMO,LIP ADUANAS S.A.                                        ,NO DECLARADOS,"GRAGEAS DE CHOCOLATE, M&MS, SIN MODELO PRODUCT NUMBER: 10152969 GRAGEAS DE CHOCOLATE CON LECHE RELLENO CON MANI - M&MS PN SNG / M&MS PEANUT PEG PACK / M&M M&MS PN SNG 1.74OZ 48CT 8CS AF CADA CAJA MASTER CONTIENE 8 DISPLAY CON 48 UNIDADES,REGISTRO SANITARIO G6351819E NAMSFO, D",0.0,3093.11,386.64,VERDE,2021,4,Abril
15,1806900000,DEMAS CHOCOLATE Y PREPARACIONES ALIMENTICIAS QUE CONTENGAN CACAO,TOP PARTNER S.A.C.,351.44,310.4,3500.0,ESTADOS UNIDOS,MARÍTIMO,LIP ADUANAS S.A.                                        ,NO DECLARADOS,"CHOCOLATE CON LECHE, M&MS, SIN MODELO PRODUCT NUMBER: 10152966 CHOCOLATE CON LECHE CONFITADO - M&M MILK CHOCOLATE - MILK CHOCOLATE M&MS ORNAMENTS M&MS MC SNG DSPN 1.69OZ 36CT 9CS AF CADA CAJA MASTER CONTIENE 9 DISPLAY CON 36 UNIDADES,REGISTRO SANITARIO G2400515E NAMSFO, D",0.0,571.36,71.42,VERDE,2021,4,Abril
16,1806900000,DEMAS CHOCOLATE Y PREPARACIONES ALIMENTICIAS QUE CONTENGAN CACAO,MASEF IMPORT S.A.C.,1183.79,1124.6,2975.04,ESTADOS UNIDOS,MARÍTIMO,GRUPO PML S.A.C AGENTES DE ADUANAS,INVERSIONES MARITIMAS UNIVERSALES S.A.,"CHOCOLATE CON LECHE CONFITADO, M&M`S, S/M M&M MILK CHOCOLATES FUN SIZE BOLSA X 10.53 OZ ENVOLTURA DE POLIETILENO DE 298.5 G (10.53 OZ) CHOCOLATE CON LECHE CONFITADO M&M G2400515E NAMSFO",0.0,524.32,65.54,VERDE,2021,6,Junio
17,1806900000,DEMAS CHOCOLATE Y PREPARACIONES ALIMENTICIAS QUE CONTENGAN CACAO,MASEF IMPORT S.A.C.,550.39,522.87,1383.2,ESTADOS UNIDOS,MARÍTIMO,GRUPO PML S.A.C AGENTES DE ADUANAS,INVERSIONES MARITIMAS UNIVERSALES S.A.,"CONFITE DE CHOCOLATE CON LECHE, M&M`S, S/M MM ALMOND SHARING SIZE X 9.3 OZ BOLSAS DE POLIETILENO DE 272.2 G  (9.3 OZ) CONFITE DE CHOCOLATE CON LECHE RELLENO CON ALMENDRAS - M&M`S ALMOND CHOCOLATE G2400817E NAMSFO",0.0,243.78,30.47,VERDE,2021,6,Junio
18,1806900000,DEMAS CHOCOLATE Y PREPARACIONES ALIMENTICIAS QUE CONTENGAN CACAO,MASEF IMPORT S.A.C.,1307.17,1241.81,3285.1,ESTADOS UNIDOS,MARÍTIMO,GRUPO PML S.A.C AGENTES DE ADUANAS,INVERSIONES MARITIMAS UNIVERSALES S.A.,"GRAJEAS DE CHOCOLATE CON LECHE, M&M`S, S/M MM PEANUT BUTTER SHARING SIZE X 9.6 OZ BOLSAS DE POLIETILENO DE 272.2 G (9.60 OZ) GRAJEAS DE CHOCOLATE CON LECHE RELLENO CON MANÍ - M&M`S PEANUT BUTTER 66351919E NAMSFO",0.0,578.97,72.37,VERDE,2021,6,Junio
19,1806900000,DEMAS CHOCOLATE Y PREPARACIONES ALIMENTICIAS QUE CONTENGAN CACAO,MASEF IMPORT S.A.C.,1134.47,1077.75,2851.08,ESTADOS UNIDOS,MARÍTIMO,GRUPO PML S.A.C AGENTES DE ADUANAS,INVERSIONES MARITIMAS UNIVERSALES S.A.,"GRAGEAS DE CHOCOLATE CON LECHE, M&M`S PEANUT FUN SIZE, S/M MM PEANUT CHOCOLATES FUN SIZE BOLSA X 10.57 OZ BOLSAS DE POLIETILENO DE 272.2 G  (10.57 OZ) GRAGEAS DE CHOCOLATE CON LECHE RELLENO CON MANI - M&MS PEANUT G6351819E NAMSFO",0.0,502.48,62.81,VERDE,2021,6,Junio
20,1806900000,DEMAS CHOCOLATE Y PREPARACIONES ALIMENTICIAS QUE CONTENGAN CACAO,MASEF IMPORT S.A.C.,133.9,127.2,185.94,ESTADOS UNIDOS,MARÍTIMO,GRUPO PML S.A.C AGENTES DE ADUANAS,INVERSIONES MARITIMAS UNIVERSALES S.A.,"CHOCOLATE CON LECHE CONFITADO, M&M`S, S/M M&M MILK CHOCOLATES FUN SIZE BOLSA X 10.53 OZ ENVOLTURA DE POLIETILENO DE 298.5 G (10.53 OZ) CHOCOLATE CON LECHE CONFITADO M&M G6368718E NAMSFO",0.0,33.25,4.16,VERDE,2021,5,Mayo
21,1806900000,DEMAS CHOCOLATE Y PREPARACIONES ALIMENTICIAS QUE CONTENGAN CACAO,MASEF IMPORT S.A.C.,716.22,680.41,994.56,ESTADOS UNIDOS,MARÍTIMO,GRUPO PML S.A.C AGENTES DE ADUANAS,INVERSIONES MARITIMAS UNIVERSALES S.A.,"CONFITE DE CHOCOLATE CON LECHE, M&M`S, S/M MM ALMOND SHARING SIZE X 9.3 OZ BOLSAS DE POLIETILENO DE 272.2 G  (9.3 OZ) CONFITE DE CHOCOLATE CON LECHE RELLENO CON ALMENDRAS - M&M`S ALMOND CHOCOLATE G2400817E NAMSFO",0.0,177.86,22.23,VERDE,2021,5,Mayo
22,1806900000,DEMAS CHOCOLATE Y PREPARACIONES ALIMENTICIAS QUE CONTENGAN CACAO,MASEF IMPORT S.A.C.,391.32,371.75,543.4,ESTADOS UNIDOS,MARÍTIMO,GRUPO PML S.A.C AGENTES DE ADUANAS,INVERSIONES MARITIMAS UNIVERSALES S.A.,"GRAJEAS DE CHOCOLATE CON LECHE, M&M`S, S/M MM PEANUT BUTTER SHARING SIZE X 9.6 OZ BOLSAS DE POLIETILENO DE 272.2 G (9.60 OZ) GRAJEAS DE CHOCOLATE CON LECHE RELLENO CON MANÍ - M&M`S PEANUT BUTTER / CHOCOLATE G6351919E NAMSFO",0.0,97.18,12.15,VERDE,2021,5,Mayo
23,1806900000,DEMAS CHOCOLATE Y PREPARACIONES ALIMENTICIAS QUE CONTENGAN CACAO,MASEF IMPORT S.A.C.,848.05,805.64,1177.62,ESTADOS UNIDOS,MARÍTIMO,GRUPO PML S.A.C AGENTES DE ADUANAS,INVERSIONES MARITIMAS UNIVERSALES S.A.,"GRAGEAS DE CHOCOLATE CON LECHE, M&M`S PEANUT FUN SIZE, S/M MM PEANUT CHOCOLATES FUN SIZE BOLSA X 10.57 OZ BOLSAS DE POLIETILENO DE 272.2 G  (10.57 OZ) GRAGEAS DE CHOCOLATE CON LECHE RELLENO CON MANI - M&MS PEANUT G6351819E NAMSFO",0.0,210.6,26.33,VERDE,2021,5,Mayo
24,1806900000,DEMAS CHOCOLATE Y PREPARACIONES ALIMENTICIAS QUE CONTENGAN CACAO,PERUFARMA ,62.69,55.15,807.8,ESTADOS UNIDOS,MARÍTIMO,MIASA INTEGRACION ADUANERA S.A.,EMPRESA NACIONAL DE PUERTOS S.A.,"CONFITE DE CHOCOLATE CON LECHE RELLENO, M & M`S, S/M M&MS CRISPY 1.35OZ 24CT 12CS PRODUCTO:10124293 CONFITE DE CHOCOLATE CON LECHE RELLENO CON ARROZ CRUJIENTE - M&M`S CRISPY CHOCOLATE - CHOC REGISTRO N° :G2400517",0.0,131.65,16.46,VERDE,2021,5,Mayo
25,1806900000,DEMAS CHOCOLATE Y PREPARACIONES ALIMENTICIAS QUE CONTENGAN CACAO,PERUFARMA ,10.01,8.81,162.03,ESTADOS UNIDOS,MARÍTIMO,MIASA INTEGRACION ADUANERA S.A.,EMPRESA NACIONAL DE PUERTOS S.A.,"CHOCOLATE CON LECHE CONFITADO, M & M`S, S/M M&M`S MINIS DISPLAY12/24/30GR PRODUCTO:M0323700 CHOCOLATE CON LECHE CONFITADO EN MINIATURA -M&MS MILK CHOCOLATE MINIS MEGA TUBE CHRISTMAS REGISTRO N° :G2400415",0.0,26.31,3.29,VERDE,2021,5,Mayo
26,1806900000,DEMAS CHOCOLATE Y PREPARACIONES ALIMENTICIAS QUE CONTENGAN CACAO,PERUFARMA ,110.74,97.42,1040.04,ESTADOS UNIDOS,MARÍTIMO,MIASA INTEGRACION ADUANERA S.A.,EMPRESA NACIONAL DE PUERTOS S.A.,"CHOCOLATE CON LECHE CON MANI, M & M`S, S/M M&MS MILK CHOC PEG PACK 5.3OZ 12/CA PRODUCTO:M0173102 CHOCOLATE CON LECHE CON MANI - CONFITADO ""M&M`S"", EN CAJA CARTÓN DE 1 G HASTA 50 KG REGISTRO N° :G2400315",0.0,170.57,21.32,VERDE,2021,5,Mayo
27,1806900000,DEMAS CHOCOLATE Y PREPARACIONES ALIMENTICIAS QUE CONTENGAN CACAO,PERUFARMA ,1640.83,1443.36,14824.2,ESTADOS UNIDOS,MARÍTIMO,MIASA INTEGRACION ADUANERA S.A.,EMPRESA NACIONAL DE PUERTOS S.A.,"CHOCOLATE CON LECHE CONFITADO, M & M, S/M M&MS MC SNG DSPN 1.69OZ 36CT 9CS AF PRODUCTO:10152966 CHOCOLATE CON LECHE CONFITADO - M&M MILK CHOCOLATE - MILK CHOCOLATE M&M`S ORNAMENTS - M&M REGISTRO N° :G2400515",0.0,2433.51,304.19,VERDE,2021,5,Mayo
28,1806900000,DEMAS CHOCOLATE Y PREPARACIONES ALIMENTICIAS QUE CONTENGAN CACAO,PERUFARMA ,121.01,106.45,1288.56,ESTADOS UNIDOS,MARÍTIMO,MIASA INTEGRACION ADUANERA S.A.,EMPRESA NACIONAL DE PUERTOS S.A.,"CONFITE DE CHOCOLATE CON LECHE, M & M`S, S/M M&MS PB SNG 24CT 12CS PH PRODUCTO:10144825 CONFITE DE CHOCOLATE CON LECHE RELLENO CON CREMA DE MANI - M&M`S PEANUT BUTTER REGISTRO N° :G2400417",0.0,210.75,26.34,VERDE,2021,5,Mayo
29,1806900000,DEMAS CHOCOLATE Y PREPARACIONES ALIMENTICIAS QUE CONTENGAN CACAO,PERUFARMA ,215.33,189.41,2022.3,ESTADOS UNIDOS,MARÍTIMO,MIASA INTEGRACION ADUANERA S.A.,EMPRESA NACIONAL DE PUERTOS S.A.,"CHOCOLATE CON LECHE CON MANI, M & M`S, S/M M&MS PEANUT PEG PACK 5.3OZ 12/CA PRODUCTO:M0173202 CHOCOLATE CON LECHE CON MANI - CONFITADO ""M&M`S"", EN CAJA CARTÓN DE 1 G HASTA 50 KG REGISTRO N° :G2400315",0.0,331.67,41.46,VERDE,2021,5,Mayo
30,1806900000,DEMAS CHOCOLATE Y PREPARACIONES ALIMENTICIAS QUE CONTENGAN CACAO,PERUFARMA ,75.18,66.14,928.2,ESTADOS UNIDOS,MARÍTIMO,MIASA INTEGRACION ADUANERA S.A.,EMPRESA NACIONAL DE PUERTOS S.A.,"CONFITE DE CHOCOLATE CON LECHE, M & M`S, S/M M&MS PN FS 6PK 3.74OZ 24CS REP PRODUCTO:10157316 CONFITE DE CHOCOLATE CON LECHE RELLENO CON CREMA DE MANI - M&M`S PEANUT BUTTER REGISTRO N° :G2400417",0.0,151.38,18.92,VERDE,2021,5,Mayo
31,1806900000,DEMAS CHOCOLATE Y PREPARACIONES ALIMENTICIAS QUE CONTENGAN CACAO,PERUFARMA ,110.74,97.42,1040.04,ESTADOS UNIDOS,MARÍTIMO,MIASA INTEGRACION ADUANERA S.A.,EMPRESA NACIONAL DE PUERTOS S.A.,"CHOCOLATE CON LECHE CON MANI, M & M`S, S/M M&MS MILK CHOC PEG PACK 5.3OZ 12/CA PRODUCTO:M0173102 CHOCOLATE CON LECHE CON MANI - CONFITADO ""M&M`S"", EN CAJA CARTÓN DE 1 G HASTA 50 KG REGISTRO N° :G2400315",0.0,170.57,21.32,VERDE,2021,5,Mayo
32,1806900000,DEMAS CHOCOLATE Y PREPARACIONES ALIMENTICIAS QUE CONTENGAN CACAO,PERUFARMA ,75.23,66.18,969.36,ESTADOS UNIDOS,MARÍTIMO,MIASA INTEGRACION ADUANERA S.A.,EMPRESA NACIONAL DE PUERTOS S.A.,"CONFITE DE CHOCOLATE CON LECHE RELLENO, M & M`S, S/M M&MS CRISPY 1.35OZ 24CT 12CS PRODUCTO:10124293 CONFITE DE CHOCOLATE CON LECHE RELLENO CON ARROZ CRUJIENTE - M&M`S CRISPY CHOCOLATE - CHOC REGISTRO N° :G2400517",0.0,157.98,19.75,VERDE,2021,5,Mayo
33,1806900000,DEMAS CHOCOLATE Y PREPARACIONES ALIMENTICIAS QUE CONTENGAN CACAO,PERUFARMA ,20.04,17.63,324.06,ESTADOS UNIDOS,MARÍTIMO,MIASA INTEGRACION ADUANERA S.A.,EMPRESA NACIONAL DE PUERTOS S.A.,"CHOCOLATE CON LECHE CONFITADO, M & M`S, S/M M&M`S MINIS DISPLAY12/24/30GR PRODUCTO:M0323700 CHOCOLATE CON LECHE CONFITADO EN MINIATURA -M&MS MILK CHOCOLATE MINIS MEGA TUBE CHRISTMAS REGISTRO N° :G2400415",0.0,52.63,6.58,VERDE,2021,5,Mayo
34,1806900000,DEMAS CHOCOLATE Y PREPARACIONES ALIMENTICIAS QUE CONTENGAN CACAO,PERUFARMA ,1658.47,1458.88,14983.6,ESTADOS UNIDOS,MARÍTIMO,MIASA INTEGRACION ADUANERA S.A.,EMPRESA NACIONAL DE PUERTOS S.A.,"CHOCOLATE CON LECHE CONFITADO, M & M, S/M M&MS MC SNG DSPN 1.69OZ 36CT 9CS AF PRODUCTO:10152966 CHOCOLATE CON LECHE CONFITADO - M&M MILK CHOCOLATE - MILK CHOCOLATE M&M`S ORNAMENTS - M&M REGISTRO N° :G2400515",0.0,2459.67,307.46,VERDE,2021,5,Mayo
35,1806900000,DEMAS CHOCOLATE Y PREPARACIONES ALIMENTICIAS QUE CONTENGAN CACAO,PERUFARMA ,121.01,106.45,1288.56,ESTADOS UNIDOS,MARÍTIMO,MIASA INTEGRACION ADUANERA S.A.,EMPRESA NACIONAL DE PUERTOS S.A.,"CONFITE DE CHOCOLATE CON LECHE, M & M`S, S/M M&MS PB SNG 24CT 12CS PH PRODUCTO:10144825 CONFITE DE CHOCOLATE CON LECHE RELLENO CON CREMA DE MANI - M&M`S PEANUT BUTTER REGISTRO N° :G2400417",0.0,210.75,26.34,VERDE,2021,5,Mayo
36,1806900000,DEMAS CHOCOLATE Y PREPARACIONES ALIMENTICIAS QUE CONTENGAN CACAO,PERUFARMA ,2324.27,2044.55,20390.4,ESTADOS UNIDOS,MARÍTIMO,MIASA INTEGRACION ADUANERA S.A.,EMPRESA NACIONAL DE PUERTOS S.A.,"CHOCOLATE CON LECHE CON MANI, M & M`S, S/M M&MS PN SNG 1.74OZ 48CT 8CS AF PRODUCTO:10152969 CHOCOLATE CON LECHE CON MANI - CONFITADO ""M&M`S"", EN CAJA CARTÓN DE 1 G HASTA 50 KG REGISTRO N° :G2400315",0.0,3349.66,418.71,VERDE,2021,5,Mayo
37,1806900000,DEMAS CHOCOLATE Y PREPARACIONES ALIMENTICIAS QUE CONTENGAN CACAO,PERUFARMA ,213.27,187.61,2003.04,ESTADOS UNIDOS,MARÍTIMO,MIASA INTEGRACION ADUANERA S.A.,EMPRESA NACIONAL DE PUERTOS S.A.,"CHOCOLATE CON LECHE CON MANI, M & M`S, S/M M&MS PEANUT PEG PACK 5.3OZ 12/CA PRODUCTO:M0173202 CHOCOLATE CON LECHE CON MANI - CONFITADO ""M&M`S"", EN CAJA CARTÓN DE 1 G HASTA 50 KG REGISTRO N° :G2400315",0.0,328.51,41.06,VERDE,2021,5,Mayo
38,1806900000,DEMAS CHOCOLATE Y PREPARACIONES ALIMENTICIAS QUE CONTENGAN CACAO,PERUFARMA ,108.69,95.61,1020.78,ESTADOS UNIDOS,MARÍTIMO,MIASA INTEGRACION ADUANERA S.A.,EMPRESA NACIONAL DE PUERTOS S.A.,"CHOCOLATE CON LECHE CON MANI, M & M`S, S/M M&MS MILK CHOC PEG PACK 5.3OZ 12/CA PRODUCTO:M0173102 CHOCOLATE CON LECHE CON MANI - CONFITADO ""M&M`S"", EN CAJA CARTÓN DE 1 G HASTA 50 KG REGISTRO N° :G2400315",0.0,167.41,20.93,VERDE,2021,5,Mayo
39,1806900000,DEMAS CHOCOLATE Y PREPARACIONES ALIMENTICIAS QUE CONTENGAN CACAO,PERUFARMA ,20.04,17.63,324.06,ESTADOS UNIDOS,MARÍTIMO,MIASA INTEGRACION ADUANERA S.A.,EMPRESA NACIONAL DE PUERTOS S.A.,"CHOCOLATE CON LECHE CONFITADO, M & M`S, S/M M&M`S MINIS DISPLAY12/24/30GR PRODUCTO:M0323700 CHOCOLATE CON LECHE CONFITADO EN MINIATURA -M&MS MILK CHOCOLATE MINIS MEGA TUBE CHRISTMAS REGISTRO N° :G2400415",0.0,52.63,6.58,VERDE,2021,5,Mayo
40,1806900000,DEMAS CHOCOLATE Y PREPARACIONES ALIMENTICIAS QUE CONTENGAN CACAO,PERUFARMA ,213.28,187.62,2003.04,ESTADOS UNIDOS,MARÍTIMO,MIASA INTEGRACION ADUANERA S.A.,EMPRESA NACIONAL DE PUERTOS S.A.,"CHOCOLATE CON LECHE CON MANI, M & M`S, S/M M&MS PEANUT PEG PACK 5.3OZ 12/CA PRODUCTO:M0173202 CHOCOLATE CON LECHE CON MANI - CONFITADO ""M&M`S"", EN CAJA CARTÓN DE 1 G HASTA 50 KG REGISTRO N° :G2400315",0.0,328.51,41.06,VERDE,2021,5,Mayo
41,1806900000,DEMAS CHOCOLATE Y PREPARACIONES ALIMENTICIAS QUE CONTENGAN CACAO,PERUFARMA ,1640.83,1443.36,14824.2,ESTADOS UNIDOS,MARÍTIMO,MIASA INTEGRACION ADUANERA S.A.,EMPRESA NACIONAL DE PUERTOS S.A.,"CHOCOLATE CON LECHE CONFITADO, M & M, S/M M&MS MC SNG DSPN 1.69OZ 36CT 9CS AF PRODUCTO:10152966 CHOCOLATE CON LECHE CONFITADO - M&M MILK CHOCOLATE - MILK CHOCOLATE M&M`S ORNAMENTS - M&M REGISTRO N° :G2400515",0.0,2433.51,304.19,VERDE,2021,5,Mayo
42,1806900000,DEMAS CHOCOLATE Y PREPARACIONES ALIMENTICIAS QUE CONTENGAN CACAO,PERUFARMA ,121.01,106.45,1288.56,ESTADOS UNIDOS,MARÍTIMO,MIASA INTEGRACION ADUANERA S.A.,EMPRESA NACIONAL DE PUERTOS S.A.,"CONFITE DE CHOCOLATE CON LECHE, M & M`S, S/M M&MS PB SNG 24CT 12CS PH PRODUCTO:10144825 CONFITE DE CHOCOLATE CON LECHE RELLENO CON CREMA DE MANI - M&M`S PEANUT BUTTER REGISTRO N° :G2400417",0.0,210.75,26.34,VERDE,2021,5,Mayo
43,1806900000,DEMAS CHOCOLATE Y PREPARACIONES ALIMENTICIAS QUE CONTENGAN CACAO,PERUFARMA ,1441.91,1268.38,12649.6,ESTADOS UNIDOS,MARÍTIMO,MIASA INTEGRACION ADUANERA S.A.,EMPRESA NACIONAL DE PUERTOS S.A.,"CHOCOLATE CON LECHE CON MANI, M & M`S, S/M M&MS PN SNG 1.74OZ 48CT 8CS AF PRODUCTO:10152969 CHOCOLATE CON LECHE CON MANI - CONFITADO ""M&M`S"", EN CAJA CARTÓN DE 1 G HASTA 50 KG REGISTRO N° :G2400315",0.0,2078.03,259.75,VERDE,2021,5,Mayo
44,1806900000,DEMAS CHOCOLATE Y PREPARACIONES ALIMENTICIAS QUE CONTENGAN CACAO,AXIONLOG PERU S.A.C.,2265.79,2152.5,7139.03,ESTADOS UNIDOS,MARÍTIMO,CRF ADUANAS S.A.C.,NEPTUNIA S.A.,"CONFITE SABOR A CHOCOLATE CON LECHE, S/M, S/M M&M MILK MINIS-MC DONALDS, EN BOLSA DE POLIETILENO DE ALTA DENSIDAD DE 3LB, CAJA DE CARTON DE 18LB, CAJA DE 1 A 40KG / VIDA UTIL : 270 DIAS/ DR: 2018024677 COBERTURA MINI PIEZAS M&M/ PRODUCTO CUSTOMIZADO PARA CLIENTE FINAL USO PARA RESTAURANT / PRESENTACION EN CAJAS // 03470-015/ REGISTRO: G9300118E",0.0,1206.18,150.77,VERDE,2021,5,Mayo
45,1806900000,DEMAS CHOCOLATE Y PREPARACIONES ALIMENTICIAS QUE CONTENGAN CACAO,MIKA INVERSIONES S.A.C.                                                                             ,7.94,7.54,68.54,ESTADOS UNIDOS,MARÍTIMO,MOL LOGISTIC S.A.C.,VILLAS OQUENDO S.A.,"CONFITE DE CHOCOLATE, MARS, 40000-49497 M&M`S MILK CHOCOLATE 20LB USO: GOLOSINAS - VIDA UTIL: 24 MESES CHOCOLATE CONFITADO ""M&MS MILK CHOCOLATE CHOCOLATE CONFITADO ""M&M`S MILK CHOCOLATE",4.27,12.06,1.51,VERDE,2021,5,Mayo
46,1806900000,DEMAS CHOCOLATE Y PREPARACIONES ALIMENTICIAS QUE CONTENGAN CACAO,AXIONLOG PERU S.A.C.,2683.62,2549.44,7219.85,ESTADOS UNIDOS,MARÍTIMO,CRF ADUANAS S.A.C.,NEPTUNIA S.A.,"CONFITE SABOR A CHOCOLATE CON LECHE, S/M, S/M M&M MILK MINIS-MC DONALDS, EN BOLSA DE POLIETILENO DE ALTA DENSIDAD DE 3LB, CAJA DE CARTON DE 18LB, CAJA DE 1 A 40KG / VIDA UTIL : 270 DIAS/ DR: 2018024677 COBERTURA MINI PIEZAS M&M/ PRODUCTO CUSTOMIZADO PARA CLIENTE FINAL USO PARA RESTAURANT / PRESENTACION EN CAJAS // 03470-015/ REGISTRO: G9300118E",453.3,1281.33,160.17,VERDE,2021,2,Febrero
47,1806900000,DEMAS CHOCOLATE Y PREPARACIONES ALIMENTICIAS QUE CONTENGAN CACAO,AXIONLOG PERU S.A.C.,3956.98,3693.18,13711.52,ESTADOS UNIDOS,MARÍTIMO,CRF ADUANAS S.A.C.,NEPTUNIA S.A.,"CONFITE SABOR A CHOCOLATE CON LECHE, S/M, S/M M&M MILK MINIS-MC DONALDS, EN BOLSA DE POLIETILENO DE ALTA DENSIDAD DE 3LB, CAJA DE CARTON DE 18LB, CAJA DE 1 A 40KG / VIDA UTIL : 270 DIAS/ DR: 2018024677 COBERTURA MINI PIEZAS M&M/ PRODUCTO CUSTOMIZADO PARA CLIENTE FINAL USO PARA RESTAURANT / PRESENTACION EN CAJAS // 03470-015/ REGISTRO: G9300118E",0.0,2255.65,281.96,VERDE,2021,2,Febrero
48,1806900000,DEMAS CHOCOLATE Y PREPARACIONES ALIMENTICIAS QUE CONTENGAN CACAO,PERUFARMA ,2717.75,2359.04,24228.8,ESTADOS UNIDOS,MARÍTIMO,MIASA INTEGRACION ADUANERA S.A.,EMPRESA NACIONAL DE PUERTOS S.A.,"CHOCOLATE CON LECHE, M&M´S, S/M M&MS MC SNG DSPN 1.69OZ 36CT 9CS AF PRODUCTO: 10152966 CHOCOLATE CON LECHE CONFITADO - M&M MILK CHOCOLATE -MILK CHOCOLATE M&M´S REGISTRO N° G2400515",0.0,3962.33,495.29,VERDE,2021,4,Abril
49,1806900000,DEMAS CHOCOLATE Y PREPARACIONES ALIMENTICIAS QUE CONTENGAN CACAO,PERUFARMA ,72.74,63.14,674.1,ESTADOS UNIDOS,MARÍTIMO,MIASA INTEGRACION ADUANERA S.A.,EMPRESA NACIONAL DE PUERTOS S.A.,"CHOCOLATE, M & M`S, S/M M&MS MILK CHOC PEG PACK. 5.3OZ 12/CA PRODUCTO: M0173102 CHOCOLATE CON LECHE CON MANI-CONFITADO M&M´S REGISTRO N° G2400315",0.0,110.16,13.77,VERDE,2021,4,Abril
50,1806900000,DEMAS CHOCOLATE Y PREPARACIONES ALIMENTICIAS QUE CONTENGAN CACAO,PERUFARMA ,381.21,330.9,4846.8,ESTADOS UNIDOS,MARÍTIMO,MIASA INTEGRACION ADUANERA S.A.,EMPRESA NACIONAL DE PUERTOS S.A.,"CONFITE DE CHOCOLATE, M&M´S, S/M M&MS CRISPY 1.35OZ 24CT 12CS PRODUCTO:10124293 CONFITE DE CHOCOLATE CON LECHE RELLENO CON ARROZ CRUJIENTE - M&M´S CRISPY CHOCOLATE - CHOC REGISTRO N°: G2400517",0.0,787.77,98.47,VERDE,2021,4,Abril
51,1806900000,DEMAS CHOCOLATE Y PREPARACIONES ALIMENTICIAS QUE CONTENGAN CACAO,PERUFARMA ,21.42,18.6,285.28,ESTADOS UNIDOS,MARÍTIMO,MIASA INTEGRACION ADUANERA S.A.,EMPRESA NACIONAL DE PUERTOS S.A.,"CONFITE DE CHOCOLATE, M&M´S, S/M M&MS PRETZEL CHOCOLATE 1.14OZ 24CT 12/CA PRODUCTO:M4026500 ONFITE DE CHOCOLATE CON LECHE RELLENO CON GALLETA SALADA - M&M´S PRETZEL CHOCOLATE - CHOCO REGISTRO N°: G2400617",0.0,46.34,5.79,VERDE,2021,4,Abril
52,1806900000,DEMAS CHOCOLATE Y PREPARACIONES ALIMENTICIAS QUE CONTENGAN CACAO,PERUFARMA ,983.4,853.6,8767.0,ESTADOS UNIDOS,MARÍTIMO,MIASA INTEGRACION ADUANERA S.A.,EMPRESA NACIONAL DE PUERTOS S.A.,"CHOCOLATE CON LECHE, M&M´S, S/M M&MS MC SNG DSPN 1.69OZ 36CT 9CS AF PRODUCTO: 10152966 CHOCOLATE CON LECHE CONFITADO - M&M MILK CHOCOLATE -MILK CHOCOLATE M&M´S REGISTRO N° G2400515",0.0,1433.74,179.22,VERDE,2021,4,Abril
53,1806900000,DEMAS CHOCOLATE Y PREPARACIONES ALIMENTICIAS QUE CONTENGAN CACAO,PERUFARMA ,3754.79,3259.2,33474.0,ESTADOS UNIDOS,MARÍTIMO,MIASA INTEGRACION ADUANERA S.A.,EMPRESA NACIONAL DE PUERTOS S.A.,"CHOCOLATE CON LECHE, M&M´S, S/M M&MS MC SNG DSPN 1.69OZ 36CT 9CS AF PRODUCTO: 10152966 CHOCOLATE CON LECHE CONFITADO - M&M MILK CHOCOLATE -MILK CHOCOLATE M&M´S REGISTRO N° G2400515",0.0,5474.28,684.28,VERDE,2021,4,Abril
54,1806900000,DEMAS CHOCOLATE Y PREPARACIONES ALIMENTICIAS QUE CONTENGAN CACAO,PERUFARMA ,14.55,12.63,134.82,ESTADOS UNIDOS,MARÍTIMO,MIASA INTEGRACION ADUANERA S.A.,EMPRESA NACIONAL DE PUERTOS S.A.,"CHOCOLATE CON LECHE, M & M`S, S/M M&MS MILK CHOC PEG PACK. 5.3OZ 12/CA PRODUCTO: M0173102 CHOCOLATE CON LECHE CON MANI-CONFITADO M&M´S REGISTRO N° G2400315",0.0,22.03,2.75,VERDE,2021,4,Abril
55,1806900000,DEMAS CHOCOLATE Y PREPARACIONES ALIMENTICIAS QUE CONTENGAN CACAO,PERUFARMA ,381.21,330.9,4846.8,ESTADOS UNIDOS,MARÍTIMO,MIASA INTEGRACION ADUANERA S.A.,EMPRESA NACIONAL DE PUERTOS S.A.,"CONFITE DE CHOCOLATE, M&M´S, S/M M&MS CRISPY 1.35OZ 24CT 12CS PRODUCTO:10124293 CONFITE DE CHOCOLATE CON LECHE RELLENO CON ARROZ CRUJIENTE - M&M´S CRISPY CHOCOLATE - CHOC REGISTRO N°: G2400517",0.0,787.77,98.47,VERDE,2021,4,Abril
56,1806900000,DEMAS CHOCOLATE Y PREPARACIONES ALIMENTICIAS QUE CONTENGAN CACAO,PERUFARMA ,21.42,18.6,285.28,ESTADOS UNIDOS,MARÍTIMO,MIASA INTEGRACION ADUANERA S.A.,EMPRESA NACIONAL DE PUERTOS S.A.,"CONFITE DE CHOCOLATE, M&M´S, S/M M&MS PRETZEL CHOCOLATE 1.14OZ 24CT 12/CA PRODUCTO:M4026500 ONFITE DE CHOCOLATE CON LECHE RELLENO CON GALLETA SALADA - M&M´S PRETZEL CHOCOLATE - CHOCO REGISTRO N°: G2400617",0.0,46.34,5.79,VERDE,2021,4,Abril
57,1806900000,DEMAS CHOCOLATE Y PREPARACIONES ALIMENTICIAS QUE CONTENGAN CACAO,PERUFARMA ,56.11,48.7,520.02,ESTADOS UNIDOS,MARÍTIMO,MIASA INTEGRACION ADUANERA S.A.,EMPRESA NACIONAL DE PUERTOS S.A.,"CHOCOLATE CON LECHE, M & M`S, S/M M&MS MILK CHOC PEG PACK. 5.3OZ 12/CA PRODUCTO: M0173102 CHOCOLATE CON LECHE CON MANI-CONFITADO M&M´S REGISTRO N° G2400315",0.0,84.98,10.62,VERDE,2021,4,Abril
58,1806900000,DEMAS CHOCOLATE Y PREPARACIONES ALIMENTICIAS QUE CONTENGAN CACAO,PERUFARMA ,436.58,378.96,6967.29,ESTADOS UNIDOS,MARÍTIMO,MIASA INTEGRACION ADUANERA S.A.,EMPRESA NACIONAL DE PUERTOS S.A.,"CHOCOLATE, M & MS, S/M M&MS MILK MINIS TUBES 1.08OZ 24CT 12/CA PRODUCTO: M0323700 CHOCOLATE CON LECHE CONFITADO EN MINIATURA - M&MS MILK CHOCOLATE MINIS MEGA TUBE CHRISTMAS REGISTRO N°:G2400415",0.0,1129.09,141.14,VERDE,2021,4,Abril
59,1806900000,DEMAS CHOCOLATE Y PREPARACIONES ALIMENTICIAS QUE CONTENGAN CACAO,PERUFARMA ,5321.55,4619.16,46067.2,ESTADOS UNIDOS,MARÍTIMO,MIASA INTEGRACION ADUANERA S.A.,EMPRESA NACIONAL DE PUERTOS S.A.,"CHOCOLATE, M & M`S, S/M M&MS PN SNG 1.74OZ 48CT 8CS AF PRODUCTO: 10152969 CHOCOLATE CON LECHE CON MANI-CONFITADO M&M´S REGISTRO N° G2400315",0.0,7538.36,942.3,VERDE,2021,4,Abril
60,1806900000,DEMAS CHOCOLATE Y PREPARACIONES ALIMENTICIAS QUE CONTENGAN CACAO,PERUFARMA ,659.16,572.16,6926.01,ESTADOS UNIDOS,MARÍTIMO,MIASA INTEGRACION ADUANERA S.A.,EMPRESA NACIONAL DE PUERTOS S.A.,"CONFITE DE CHOCOLATE, M&M´S, S/M M&MS  PB SNG 24CT 12CS PH PRODUCTO : 10144825 CONFITE DE CHOCOLATE CON LECHE RELLENO CON CREMA DE MANI M&M SINGLES CHOCOLATE CANDIES REGISTRO N°: G2400417",0.0,1129.14,141.14,VERDE,2021,4,Abril
61,1806900000,DEMAS CHOCOLATE Y PREPARACIONES ALIMENTICIAS QUE CONTENGAN CACAO,PERUFARMA ,675.44,586.29,6259.5,ESTADOS UNIDOS,MARÍTIMO,MIASA INTEGRACION ADUANERA S.A.,EMPRESA NACIONAL DE PUERTOS S.A.,"CHOCOLATE, M & M`S, S/M M&MS PEANUT PEG PACK 5.3OZ 12/CA PRODUCTO: M0173202 CHOCOLATE CON LECHE CON MANI-CONFITADO M&M´S REGISTRO N° G2400315",0.0,1022.87,127.86,VERDE,2021,4,Abril
62,1806900000,DEMAS CHOCOLATE Y PREPARACIONES ALIMENTICIAS QUE CONTENGAN CACAO,MASEF IMPORT S.A.C.,2063.8,1960.61,2988.7,ESTADOS UNIDOS,MARÍTIMO,GRUPO PML S.A.C AGENTES DE ADUANAS,INVERSIONES MARITIMAS UNIVERSALES S.A.,"GRAJEAS DE CHOCOLATE CON LECHE, M&M`S, S/M M&M PEANUT BUTTER BOLSAS DE POLIETILENO DE 272.2 G (9.60 OZ) GRAJEAS DE CHOCOLATE CON LECHE RELLENO CON MANÍ - M&M`S PEANUT BUTTER G6351919E NAMSFO",0.0,541.38,67.67,VERDE,2021,4,Abril
63,1806900000,DEMAS CHOCOLATE Y PREPARACIONES ALIMENTICIAS QUE CONTENGAN CACAO,MASEF IMPORT S.A.C.,128.39,121.97,185.94,ESTADOS UNIDOS,MARÍTIMO,GRUPO PML S.A.C AGENTES DE ADUANAS,INVERSIONES MARITIMAS UNIVERSALES S.A.,"GRAGEAS DE CHOCOLATE CON LECHE, M&M`S PEANUT FUN SIZE, S/M M&M PEANUT CANDY FUN SIZE BOLSAS DE POLIETILENO DE 272.2 G  (10.57 OZ) GRAGEAS DE CHOCOLATE CON LECHE RELLENO CON MANI - M&MS PEANUT G6351819E NAMSFO",0.0,33.68,4.21,VERDE,2021,4,Abril
64,1806900000,DEMAS CHOCOLATE Y PREPARACIONES ALIMENTICIAS QUE CONTENGAN CACAO,MASEF IMPORT S.A.C.,81.76,77.67,118.4,ESTADOS UNIDOS,MARÍTIMO,GRUPO PML S.A.C AGENTES DE ADUANAS,INVERSIONES MARITIMAS UNIVERSALES S.A.,"CONFITE DE CHOCOLATE CON LECHE, M&M`S, S/M M&M ALMOND BOLSAS DE POLIETILENO DE 272.2 G  (9.3 OZ) CONFITE DE CHOCOLATE CON LECHE RELLENO CON ALMENDRAS - M&M`S ALMOND CHOCOLATE G2400817E NAMSFO",0.0,21.45,2.68,VERDE,2021,4,Abril
65,1806900000,DEMAS CHOCOLATE Y PREPARACIONES ALIMENTICIAS QUE CONTENGAN CACAO,TOP PARTNER S.A.C.,26.73,17.62,356.0,ESTADOS UNIDOS,MARÍTIMO,LIP ADUANAS S.A.                                        ,NO DECLARADOS,"CHOCOLATE CON LECHE, M&MS, SIN MODELO PRODUCT NUMBER: M0323700 CHOCOLATE CON LECHE CONFITADO EN MINIATURA M&MS MILK CHOCOLATE MINIS MEGA TUBE CHRITMAS M&M S MINIS DISLAY12/24/30GR CADA CAJA MASTER CONTIENE 12 DISPLAY CON 24 UNIDADES,REGISTRO SANITARIO G2400415E NAMSFO,",0.0,57.86,7.23,VERDE,2021,4,Abril
66,1806900000,DEMAS CHOCOLATE Y PREPARACIONES ALIMENTICIAS QUE CONTENGAN CACAO,MIKA INVERSIONES S.A.C.                                                                             ,5.75,5.46,67.1,ESTADOS UNIDOS,MARÍTIMO,N/A 8458,VILLAS OQUENDO S.A.,"CONFITE DE CHOCOLATE, MARS, 40000-49497 M&M`S MILK CHOCOLATE 20LB USO: GOLOSINAS - VIDA UTIL: 24 MESES CHOCOLATE CONFITADO ""M&MS MILK CHOCOLATE CHOCOLATE CONFITADO ""M&M`S MILK CHOCOLATE",0.0,11.14,1.39,VERDE,2021,3,Marzo
67,1806900000,DEMAS CHOCOLATE Y PREPARACIONES ALIMENTICIAS QUE CONTENGAN CACAO,MASEF IMPORT S.A.C.,70.35,70.35,115.92,ESTADOS UNIDOS,MARÍTIMO,GRUPO PML S.A.C AGENTES DE ADUANAS,INVERSIONES MARITIMAS UNIVERSALES S.A.,"CHOCOLATE CON LECHE CONFITADO, M&M`S, S/M M&M MILK CHOCOLATE ENVOLTURA DE POLIETILENO DE 298.5 G (10.53 OZ) CHOCOLATE CON LECHE CONFITADO M&M G6368718E NAMSFO",0.0,20.04,2.51,VERDE,2021,3,Marzo
68,1806900000,DEMAS CHOCOLATE Y PREPARACIONES ALIMENTICIAS QUE CONTENGAN CACAO,MASEF IMPORT S.A.C.,509.32,509.32,839.25,ESTADOS UNIDOS,MARÍTIMO,GRUPO PML S.A.C AGENTES DE ADUANAS,INVERSIONES MARITIMAS UNIVERSALES S.A.,"CHOCOLATE CON LECHE CONFITADO, M&M`S, S/M M&M MINI ENVOLTURA DE POLIETILENO DE  10.10 OZ CHOCOLATE CON LECHE CONFITADO M&M MINIS G6351919E NAMSFO",0.0,145.08,18.14,VERDE,2021,3,Marzo
69,1806900000,DEMAS CHOCOLATE Y PREPARACIONES ALIMENTICIAS QUE CONTENGAN CACAO,MASEF IMPORT S.A.C.,735.55,735.55,1212.03,ESTADOS UNIDOS,MARÍTIMO,GRUPO PML S.A.C AGENTES DE ADUANAS,INVERSIONES MARITIMAS UNIVERSALES S.A.,"GRAJEAS DE CHOCOLATE CON LECHE, M&M`S, S/M M&M MINI MINT BOLSAS DE POLIETILENO DE 272.2 G (9.60 OZ) GRAJEAS DE CHOCOLATE CON LECHE RELLENO - M&M`S DARK MINT CHOCOLATE G2400717E NAMSFO",0.0,209.53,26.19,VERDE,2021,3,Marzo
70,1806900000,DEMAS CHOCOLATE Y PREPARACIONES ALIMENTICIAS QUE CONTENGAN CACAO,MASEF IMPORT S.A.C.,987.95,976.17,1136.64,ESTADOS UNIDOS,MARÍTIMO,GRUPO PML S.A.C AGENTES DE ADUANAS,INVERSIONES MARITIMAS UNIVERSALES S.A.,"CONFITE DE CHOCOLATE CON LECHE, M&M`S, S/M M&M ALMOND BOLSAS DE POLIETILENO DE 272.2 G  (9.3 OZ) CONFITE DE CHOCOLATE CON LECHE RELLENO CON ALMENDRAS - M&M`S ALMOND CHOCOLATE G2400817E NAMSFO",0.0,212.55,26.57,VERDE,2021,2,Febrero
71,1806900000,DEMAS CHOCOLATE Y PREPARACIONES ALIMENTICIAS QUE CONTENGAN CACAO,MASEF IMPORT S.A.C.,940.39,929.17,1081.92,ESTADOS UNIDOS,MARÍTIMO,GRUPO PML S.A.C AGENTES DE ADUANAS,INVERSIONES MARITIMAS UNIVERSALES S.A.,"CHOCOLATE CON LECHE CONFITADO, M&M`S, S/M M&M MILK CHOCOLATE ENVOLTURA DE POLIETILENO DE 298.5 G (10.53 OZ) CHOCOLATE CON LECHE CONFITADO M&M 66368718E NAMSFO",0.0,202.32,25.29,VERDE,2021,2,Febrero
72,1806900000,DEMAS CHOCOLATE Y PREPARACIONES ALIMENTICIAS QUE CONTENGAN CACAO,AXIONLOG PERU S.A.C.,2398.3,2278.38,7193.53,ESTADOS UNIDOS,MARÍTIMO,CRF ADUANAS S.A.C.,NO DECLARADOS,"CONFITE SABOR A CHOCOLATE CON LECHE, S/M, S/M M&M MILK MINIS-MC DONALDS, EN BOLSA DE POLIETILENO DE ALTA DENSIDAD DE 3LB, CAJA DE CARTON DE 18LB, CAJA DE 1 A 40KG / VIDA UTIL : 270 DIAS/ DR: 2018024677 COBERTURA MINI PIEZAS M&M/ PRODUCTO CUSTOMIZADO PARA CLIENTE FINAL USO PARA RESTAURANT / PRESENTACION EN CAJAS // 03470-015/ REGISTRO: G9300118E",0.0,1222.49,152.81,VERDE,2021,3,Marzo
73,1806900000,DEMAS CHOCOLATE Y PREPARACIONES ALIMENTICIAS QUE CONTENGAN CACAO,MIKA INVERSIONES S.A.C.                                                                             ,68.71,65.27,801.26,ESTADOS UNIDOS,MARÍTIMO,N/A 8458,VILLAS OQUENDO S.A.,"CHOCOLATE CONFITADO, CANDYRIFIC, 09454-51690 M&M`S MILK CHOCOLATE FUN SIZE 6/12 USO: GOLOSINAS - VIDA UTIL: 24 MESES CHOCOLATE CONFITADO ""M&M`S MILK CHOCOLATE FUN SIZE CHOCOLATE CONFITADO ""M&M`S MILK CHOCOLATE FUN SIZE",0.0,133.03,16.63,VERDE,2021,3,Marzo
74,1806900000,DEMAS CHOCOLATE Y PREPARACIONES ALIMENTICIAS QUE CONTENGAN CACAO,MIKA INVERSIONES S.A.C.                                                                             ,206.14,195.83,2403.79,CHINA,MARÍTIMO,N/A 8458,VILLAS OQUENDO S.A.,"CHOCOLATE CONFITADO, CANDYRIFIC, 09454-11393 M&M`S MILK CHOCOLATE FUN SIZE 6/12 USO: GOLOSINAS - VIDA UTIL: 24 MESES CHOCOLATE CONFITADO ""M&M`S MILK CHOCOLATE FUN SIZE CHOCOLATE CONFITADO ""M&M`S MILK CHOCOLATE FUN SIZE",0.0,399.09,49.89,VERDE,2021,3,Marzo
75,1806900000,DEMAS CHOCOLATE Y PREPARACIONES ALIMENTICIAS QUE CONTENGAN CACAO,MIKA INVERSIONES S.A.C.                                                                             ,9.64,9.16,112.51,ESTADOS UNIDOS,MARÍTIMO,N/A 8458,VILLAS OQUENDO S.A.,"CHOCOLATE CONFITADO, MARS, 40000-49751 M&M`S MILK CHOCOLATE 12/3.1 OZ USO: GOLOSINAS - VIDA UTIL: 24 MESES CHOCOLATE CONFITADO ?M&M`S MILK CHOCOLATE CHOCOLATE CONFITADO ""M&M`S MILK CHOCOLATE",0.0,18.68,2.34,VERDE,2021,3,Marzo
76,1806900000,DEMAS CHOCOLATE Y PREPARACIONES ALIMENTICIAS QUE CONTENGAN CACAO,MIKA INVERSIONES S.A.C.                                                                             ,137.43,130.55,1602.52,CHINA,MARÍTIMO,N/A 8458,VILLAS OQUENDO S.A.,"CHOCOLATE CONFITADO, CANDYRIFIC, 09454-11669 M&M`S MILK CHOCOLATE FUN SIZE 6/12 USO: GOLOSINAS - VIDA UTIL: 24 MESES CHOCOLATE CONFITADO ""M&M`S MILK CHOCOLATE FUN SIZE CHOCOLATE CONFITADO ""M&M`S MILK CHOCOLATE FUN SIZE",0.0,266.06,33.26,VERDE,2021,3,Marzo
77,1806900000,DEMAS CHOCOLATE Y PREPARACIONES ALIMENTICIAS QUE CONTENGAN CACAO,MIKA INVERSIONES S.A.C.                                                                             ,135.43,128.66,1579.23,CHINA,MARÍTIMO,N/A 8458,VILLAS OQUENDO S.A.,"CHOCOLATE CONFITADO, CANDYRIFIC, 09454-95635 M&M`S MILK CHOCOLATE FUN SIZE 6/12 USO: GOLOSINAS - VIDA UTIL: 24 MESES CHOCOLATE CONFITADO ""M&M`S MILK CHOCOLATE FUN SIZE CHOCOLATE CONFITADO ""M&M`S MILK CHOCOLATE FUN SIZE",0.0,262.19,32.77,VERDE,2021,3,Marzo
78,1806900000,DEMAS CHOCOLATE Y PREPARACIONES ALIMENTICIAS QUE CONTENGAN CACAO,MIKA INVERSIONES S.A.C.                                                                             ,9.64,9.16,112.51,ESTADOS UNIDOS,MARÍTIMO,N/A 8458,VILLAS OQUENDO S.A.,"CHOCOLATE CONFITADO, MARS, 40000-49753 M&M PEANUT 12/3.1OZ USO: GOLOSINAS - VIDA UTIL: 24 MESES CHOCOLATE CONFITADO ?M&M`S PEANUT CHOCOLATE CONFITADO ""M&M`S PEANUT",0.0,18.68,2.34,VERDE,2021,3,Marzo
79,1806900000,DEMAS CHOCOLATE Y PREPARACIONES ALIMENTICIAS QUE CONTENGAN CACAO,MIKA INVERSIONES S.A.C.                                                                             ,4.82,4.58,56.26,ESTADOS UNIDOS,MARÍTIMO,N/A 8458,VILLAS OQUENDO S.A.,"CHOCOLATE CONFITADO, MARS, 40000-49755 M&M PEANUT BUTTER 12/3.0OZ USO: GOLOSINAS - VIDA UTIL: 24 MESES CHOCOLATE CONFITADO ?M&M`S PEANUT BUTTER CHOCOLATE CONFITADO ""M&M`S PEANUT BUTTER",0.0,9.34,1.17,VERDE,2021,3,Marzo
80,1806900000,DEMAS CHOCOLATE Y PREPARACIONES ALIMENTICIAS QUE CONTENGAN CACAO,MASEF IMPORT S.A.C.,382.15,369.18,402.56,ESTADOS UNIDOS,MARÍTIMO,GRUPO PML S.A.C AGENTES DE ADUANAS,INVERSIONES MARITIMAS UNIVERSALES S.A.,"CONFITE DE CHOCOLATE CON LECHE, M&M`S, S/M M&M ALMOND CHOCOLATE CANDIES SHARING SIZE BOLSAS DE POLIETILENO DE 272.2 G  (9.3 OZ) CONFITE DE CHOCOLATE CON LECHE RELLENO CON ALMENDRAS - M&M`S ALMOND CHOCOLATE G2400817E NAMSFO",0.0,71.57,8.95,VERDE,2021,1,Enero
81,1806900000,DEMAS CHOCOLATE Y PREPARACIONES ALIMENTICIAS QUE CONTENGAN CACAO,MASEF IMPORT S.A.C.,674.38,651.49,710.4,ESTADOS UNIDOS,MARÍTIMO,GRUPO PML S.A.C AGENTES DE ADUANAS,INVERSIONES MARITIMAS UNIVERSALES S.A.,"GRAJEAS DE CHOCOLATE CON LECHE, M&M`S, S/M M&M PEANUT BUTTER BOLSAS DE POLIETILENO DE 272.2 G (9.60 OZ) GRAJEAS DE CHOCOLATE CON LECHE RELLENO CON MAN- - M&M`S PEANUT BUTTER / CHOCOLATE CANDIES G6351919E NAMSFO",0.0,126.29,15.79,VERDE,2021,1,Enero
82,1806900000,DEMAS CHOCOLATE Y PREPARACIONES ALIMENTICIAS QUE CONTENGAN CACAO,MASEF IMPORT S.A.C.,834.78,806.44,879.36,ESTADOS UNIDOS,MARÍTIMO,GRUPO PML S.A.C AGENTES DE ADUANAS,INVERSIONES MARITIMAS UNIVERSALES S.A.,"GRAGEAS DE CHOCOLATE CON LECHE, M&M`S PEANUT FUN SIZE, S/M M&M PEANUT FUN SIZE BOLSAS DE POLIETILENO DE 272.2 G  (10.57 OZ) GRAGEAS DE CHOCOLATE CON LECHE RELLENO CON MANI - M&MS PEANUT G6351819E NAMSFO",0.0,156.33,19.54,VERDE,2021,1,Enero
83,1806900000,DEMAS CHOCOLATE Y PREPARACIONES ALIMENTICIAS QUE CONTENGAN CACAO,MASEF IMPORT S.A.C.,733.62,708.72,772.8,ESTADOS UNIDOS,MARÍTIMO,GRUPO PML S.A.C AGENTES DE ADUANAS,INVERSIONES MARITIMAS UNIVERSALES S.A.,"CHOCOLATE CON LECHE CONFITADO, M&M`S, S/M M&M MILK CHOCOLATE FUN SZ M&M ENVOLTURA DE POLIETILENO DE 298.5 G (10.53 OZ) CHOCOLATE CON LECHE CONFITADO M&M 66368718E NAMSFO",0.0,137.39,17.17,VERDE,2021,1,Enero
84,1806900000,DEMAS CHOCOLATE Y PREPARACIONES ALIMENTICIAS QUE CONTENGAN CACAO,MASEF IMPORT S.A.C.,944.36,944.36,1556.1,ESTADOS UNIDOS,MARÍTIMO,GRUPO PML S.A.C AGENTES DE ADUANAS,INVERSIONES MARITIMAS UNIVERSALES S.A.,"GRAJEAS DE CHOCOLATE CON LECHE, M&M`S, S/M M&M PEANUT BUTTER BOLSAS DE POLIETILENO DE 272.2 G (9.60 OZ) GRAJEAS DE CHOCOLATE CON LECHE RELLENO CON MAN? - M&M`S PEANUT BUTTER / CH G6351919E NAMSFO",0.0,269.01,33.63,VERDE,2021,3,Marzo
85,1806900000,DEMAS CHOCOLATE Y PREPARACIONES ALIMENTICIAS QUE CONTENGAN CACAO,MASEF IMPORT S.A.C.,1329.11,1215.17,1236.48,ESTADOS UNIDOS,MARÍTIMO,GRUPO PML S.A.C AGENTES DE ADUANAS,INVERSIONES MARITIMAS UNIVERSALES S.A.,"CHOCOLATE CON LECHE CONFITADO, M&M`S, S/M M&M CHOCOLATE ENVOLTURA DE POLIETILENO DE 298.5 G (10.53 OZ) CHOCOLATE CON LECHE CONFITADO M&M 66368718E NAMSFO",0.0,225.43,28.18,VERDE,2021,2,Febrero
86,1806900000,DEMAS CHOCOLATE Y PREPARACIONES ALIMENTICIAS QUE CONTENGAN CACAO,PERUFARMA ,2138.38,1800.32,18490.4,ESTADOS UNIDOS,MARÍTIMO,MIASA INTEGRACION ADUANERA S.A.,EMPRESA NACIONAL DE PUERTOS S.A.,"CHOCOLATE CON LECHE , M&M¦S, S/M M&MS MC SNG DSPN 1.69OZ 36CT 9CS AF PRODUCTO: 10152966 CHOCOLATE CON LECHE CONFITADO - M&M MILK CHOCOLATE -MILK CHOCOLATE M&M¦S REGISTRO N¦ G2400515",0.0,3024.18,378.02,VERDE,2021,2,Febrero
87,1806900000,DEMAS CHOCOLATE Y PREPARACIONES ALIMENTICIAS QUE CONTENGAN CACAO,PERUFARMA ,353.73,297.81,4362.12,ESTADOS UNIDOS,MARÍTIMO,MIASA INTEGRACION ADUANERA S.A.,EMPRESA NACIONAL DE PUERTOS S.A.,"CHOCOLATE, M & M`S, S/M M&MS CRISPY 1.35OZ 24CT 12CS PRODUCTO: 10124293 CONFITE DE CHOCOLATE CON LECHE RELLENO CON ARROZ CRUIJIENTE- M&M¦S CRISPY CHOCOLATE REGISTRO N¦:G2400517",0.0,709.04,88.63,VERDE,2021,2,Febrero
88,1806900000,DEMAS CHOCOLATE Y PREPARACIONES ALIMENTICIAS QUE CONTENGAN CACAO,PERUFARMA ,187.82,158.13,2424.88,ESTADOS UNIDOS,MARÍTIMO,MIASA INTEGRACION ADUANERA S.A.,EMPRESA NACIONAL DE PUERTOS S.A.,"CHOCOLATE, M & M`S, S/M M&MS PRETZEL CHOCOLATE 1.14OZ 24CT 12/CA PRODUCTO: M4026500 CONFITE DE CHOCOLATE CON LECHE RELLENO CON GALLETA SALADA- M&M¦S PRETZEL CHOCOLATE REGISTRO N¦:G2400617",0.0,393.9,49.24,VERDE,2021,2,Febrero
89,1806900000,DEMAS CHOCOLATE Y PREPARACIONES ALIMENTICIAS QUE CONTENGAN CACAO,PERUFARMA ,104.67,88.13,1620.3,ESTADOS UNIDOS,MARÍTIMO,MIASA INTEGRACION ADUANERA S.A.,EMPRESA NACIONAL DE PUERTOS S.A.,"CHOCOLATE, M & MS, S/M M&MS MILK MINIS DISPLAY 12/24/30GT PRODUCTO: M0323700 CHOCOLATE CON LECHE CONFITADO EN MINIATURA - M&MS MILK CHOCOLATE MINIS MEGA TUBE CHRISTMAS REGISTRO N¦:G2400415",0.0,262.59,32.82,VERDE,2021,2,Febrero
90,1806900000,DEMAS CHOCOLATE Y PREPARACIONES ALIMENTICIAS QUE CONTENGAN CACAO,PERUFARMA ,6914.73,5821.57,57961.6,ESTADOS UNIDOS,MARÍTIMO,MIASA INTEGRACION ADUANERA S.A.,EMPRESA NACIONAL DE PUERTOS S.A.,"CHOCOLATE, M & M`S, S/M M&MS PN SNG 1.74OZ 48CT 8CS AF PRODUCTO: 10152969 CHOCOLATE CON LECHE CON MANI-CONFITADO M&M¦S REGISTRO N¦ G2400315",0.0,9486.04,1185.75,VERDE,2021,2,Febrero
91,1806900000,DEMAS CHOCOLATE Y PREPARACIONES ALIMENTICIAS QUE CONTENGAN CACAO,PERUFARMA ,2156.81,1815.84,18649.8,ESTADOS UNIDOS,MARÍTIMO,MIASA INTEGRACION ADUANERA S.A.,EMPRESA NACIONAL DE PUERTOS S.A.,"CHOCOLATE CON LECHE , M&M¦S, S/M M&MS MC SNG DSPN 1.69OZ 36CT 9CS AF PRODUCTO: 10152966 CHOCOLATE CON LECHE CONFITADO - M&M MILK CHOCOLATE -MILK CHOCOLATE M&M¦S REGISTRO N¦ G2400515",0.0,3050.25,381.28,VERDE,2021,2,Febrero
92,1806900000,DEMAS CHOCOLATE Y PREPARACIONES ALIMENTICIAS QUE CONTENGAN CACAO,PERUFARMA ,362.13,304.88,3254.94,ESTADOS UNIDOS,MARÍTIMO,MIASA INTEGRACION ADUANERA S.A.,EMPRESA NACIONAL DE PUERTOS S.A.,"CHOCOLATE, M & M`S, S/M M&MS PEANUT PEG PACK 5.3OZ 12/CA PRODUCTO: M0173202 CHOCOLATE CON LECHE CON MANI-CONFITADO M&M¦S REGISTRO N¦ G2400315",0.0,531.94,66.49,VERDE,2021,2,Febrero
93,1806900000,DEMAS CHOCOLATE Y PREPARACIONES ALIMENTICIAS QUE CONTENGAN CACAO,PERUFARMA ,2679.95,2366.37,23600.0,ESTADOS UNIDOS,MARÍTIMO,MIASA INTEGRACION ADUANERA S.A.,EMPRESA NACIONAL DE PUERTOS S.A.,"CHOCOLATE CON LECHE, M & M`S, S/M M&MS PN SNG 1.74OZ 48CT 8CS AF PRODUCTO : 10152969 CHOCOLATE CON LECHE CON MANI-CONFITADO ""M&M¦S""  EN CAJA DE CARTON DE 1G HASTA 50 KG REGISTRO N¦: G2400315",0.0,3868.04,483.51,VERDE,2021,2,Febrero
94,1806900000,DEMAS CHOCOLATE Y PREPARACIONES ALIMENTICIAS QUE CONTENGAN CACAO,PERUFARMA ,4499.61,3973.12,40806.4,ESTADOS UNIDOS,MARÍTIMO,MIASA INTEGRACION ADUANERA S.A.,EMPRESA NACIONAL DE PUERTOS S.A.,"CHOCOLATE CON LECHE, M&M, S/M M&MS MC SING DSPN 1.69OZ 36CT 9CS AF PRODUCTO: 10152966 CHOCOLATE CON LECHE CONFITADO - M&M MILK CHOCOLATE - MILK CHOCOLATE M&M`S ORNAMENTS - M&M« REGISTRO N¦ G2400515",0.0,6683.77,835.47,VERDE,2021,2,Febrero
95,1806900000,DEMAS CHOCOLATE Y PREPARACIONES ALIMENTICIAS QUE CONTENGAN CACAO,PERUFARMA ,79.84,70.5,1296.24,ESTADOS UNIDOS,MARÍTIMO,MIASA INTEGRACION ADUANERA S.A.,EMPRESA NACIONAL DE PUERTOS S.A.,"CHOCOLATE, M & MS, S/M M&MS MINIS DISPLAY 12/24/30GR PRODUCTO: M0323700 CHOCOLATE CON LECHE CONFITADO EN MINIATURA - M&MS MILK CHOCOLATE MINIS MEGA TUBE CHRISTMAS REGISTRO N¦:G2400415",0.0,210.25,26.28,VERDE,2021,2,Febrero
96,1806900000,DEMAS CHOCOLATE Y PREPARACIONES ALIMENTICIAS QUE CONTENGAN CACAO,PERUFARMA ,30.96,26.61,322.14,ESTADOS UNIDOS,MARÍTIMO,MIASA INTEGRACION ADUANERA S.A.,EMPRESA NACIONAL DE PUERTOS S.A.,"CONFITE DE CHOCOLATE, M&M¦S, S/M M&MS  PB SNG 24CT 12CS PH PRODUCTO : 10144825 CONFITE DE CHOCOLATE CON LECHE RELLENO CON CREMA DE MANI M&M¦S PEANUT BUTTER-SINGLES CHOCO REGISTRO N¦: G2400417",0.0,52.59,6.57,VERDE,2021,2,Febrero
97,1806900000,DEMAS CHOCOLATE Y PREPARACIONES ALIMENTICIAS QUE CONTENGAN CACAO,PERUFARMA ,6880.67,5792.89,57772.8,ESTADOS UNIDOS,MARÍTIMO,MIASA INTEGRACION ADUANERA S.A.,EMPRESA NACIONAL DE PUERTOS S.A.,"CHOCOLATE, M & M`S, S/M M&MS PN SNG 1.74OZ 48CT 8CS AF PRODUCTO: 10152969 CHOCOLATE CON LECHE CON MANI-CONFITADO M&M¦S REGISTRO N¦ G2400315",0.0,9454.8,1181.85,VERDE,2021,2,Febrero
98,1806900000,DEMAS CHOCOLATE Y PREPARACIONES ALIMENTICIAS QUE CONTENGAN CACAO,PERUFARMA ,176.77,148.83,4523.68,ESTADOS UNIDOS,MARÍTIMO,MIASA INTEGRACION ADUANERA S.A.,EMPRESA NACIONAL DE PUERTOS S.A.,"CHOCOLATE, M & M`S, S/M M&MS CRISPY 1.35OZ 24CT 12CS PRODUCTO: 10124293 CONFITE DE CHOCOLATE CON LECHE RELLENO CON ARROZ CRUIJIENTE- M&M¦S CRISPY CHOCOLATE REGISTRO N¦:G2400517",0.0,729.76,91.22,VERDE,2021,2,Febrero
99,1806900000,DEMAS CHOCOLATE Y PREPARACIONES ALIMENTICIAS QUE CONTENGAN CACAO,PERUFARMA ,271.49,228.57,2282.24,ESTADOS UNIDOS,MARÍTIMO,MIASA INTEGRACION ADUANERA S.A.,EMPRESA NACIONAL DE PUERTOS S.A.,"CHOCOLATE, M & M`S, S/M M&MS PRETZEL CHOCOLATE 1.14OZ 24CT 12/CA PRODUCTO: M4026500 CONFITE DE CHOCOLATE CON LECHE RELLENO CON GALLETA SALADA- M&M¦S PRETZEL CHOCOLATE REGISTRO N¦:G2400617",0.0,373.49,46.69,VERDE,2021,2,Febrero
100,1806900000,DEMAS CHOCOLATE Y PREPARACIONES ALIMENTICIAS QUE CONTENGAN CACAO,PERUFARMA ,115.14,96.94,1782.33,ESTADOS UNIDOS,MARÍTIMO,MIASA INTEGRACION ADUANERA S.A.,EMPRESA NACIONAL DE PUERTOS S.A.,"CHOCOLATE, M & MS, S/M M&MS MILK MINIS DISPLAY 12/24/30GT PRODUCTO: M0323700 CHOCOLATE CON LECHE CONFITADO EN MINIATURA - M&MS MILK CHOCOLATE MINIS MEGA TUBE CHRISTMAS REGISTRO N¦:G2400415",0.0,288.85,36.11,VERDE,2021,2,Febrero
101,1806900000,DEMAS CHOCOLATE Y PREPARACIONES ALIMENTICIAS QUE CONTENGAN CACAO,AXIONLOG PERU S.A.C.,5606.76,5194.06,15699.4,ESTADOS UNIDOS,MARÍTIMO,CRF ADUANAS S.A.C.,NEPTUNIA S.A.,"CONFITE SABOR A CHOCOLATE CON LECHE, S/M, S/M M&M MILK MINIS-MC DONALDS, EN BOLSA DE POLIETILENO DE ALTA DENSIDAD DE 3LB, CAJA DE CARTON DE 18LB, CAJA DE 1 A 40KG / VIDA UTIL : 270 DIAS/ DR: 2018024677 COBERTURA MINI PIEZAS M&M/ PRODUCTO CUSTOMIZADO PARA CLIENTE FINAL USO PARA RESTAURANT // 03470-015/ REGISTRO: G9300118E",995.5,2813.95,351.74,ROJO,2021,11,Noviembre
102,1806900000,DEMAS CHOCOLATE Y PREPARACIONES ALIMENTICIAS QUE CONTENGAN CACAO,PERUFARMA ,230.2,201.76,2072.2,ESTADOS UNIDOS,MARÍTIMO,MIASA INTEGRACION ADUANERA S.A.,EMPRESA NACIONAL DE PUERTOS S.A.,"CHOCOLATE CON LECHE, M&M`S, S/M M&MS MC SNG DSPN 1.69OZ 36CT 9CS AF PRODCUTO :10152966 CHOCOLATE CON LECHE CONFITADO - M&M MILK CHOCOLATE - MILK CHOCOLATE M&M`S ORNAMENTS REGISTRO N°: G2400515",0.0,347.48,43.44,ROJO,2021,10,Octubre
103,1806900000,DEMAS CHOCOLATE Y PREPARACIONES ALIMENTICIAS QUE CONTENGAN CACAO,PERUFARMA ,121.45,106.45,1288.56,ESTADOS UNIDOS,MARÍTIMO,MIASA INTEGRACION ADUANERA S.A.,EMPRESA NACIONAL DE PUERTOS S.A.,"CONFITE DE CHOCOLATE, M&M´S, S/M M&MS PB SNG 24CT 12CS PH PRODUCTO: 10144825 CONFITE DE CHOCOLATE CON LECHE RELLENO CON CREMA DE CHOCOLATE OSCURO Y SABOR MENTA - M&M´S REGISTRO N°:G2400717",0.0,214.65,26.83,ROJO,2021,10,Octubre
104,1806900000,DEMAS CHOCOLATE Y PREPARACIONES ALIMENTICIAS QUE CONTENGAN CACAO,PERUFARMA ,310.46,272.1,2806.2,ESTADOS UNIDOS,MARÍTIMO,MIASA INTEGRACION ADUANERA S.A.,EMPRESA NACIONAL DE PUERTOS S.A.,"CHOCOLATE CON LECHE, M&M`S, S/M M&MS MC FS PCH 20LB BULK DW PRODCUTO :10126099 CHOCOLATE CON LECHE CONFITADO - M&M MILK CHOCOLATE - MILK CHOCOLATE M&M`S ORNAMENTS REGISTRO N°: G2400515",0.0,470.48,58.81,ROJO,2021,10,Octubre
105,1806900000,DEMAS CHOCOLATE Y PREPARACIONES ALIMENTICIAS QUE CONTENGAN CACAO,PERUFARMA ,357.01,312.9,2896.2,ESTADOS UNIDOS,MARÍTIMO,MIASA INTEGRACION ADUANERA S.A.,EMPRESA NACIONAL DE PUERTOS S.A.,"GRAGEAS DE CHOCOLATE, M&M`S, S/M M&MS PN FS 23LB BULK CS TNA PRODCUTO :10129369 GRAGEAS DE CHOCOLATE CON LECHE RELLENO CON MANÍ - M&MS PN SNG / M&MS PEANUT PEG PACK / M&M REGISTRO N°: G6351819",0.0,487.98,61.0,ROJO,2021,10,Octubre
106,1806900000,DEMAS CHOCOLATE Y PREPARACIONES ALIMENTICIAS QUE CONTENGAN CACAO,PERUFARMA ,15.18,13.3,161.07,ESTADOS UNIDOS,MARÍTIMO,MIASA INTEGRACION ADUANERA S.A.,EMPRESA NACIONAL DE PUERTOS S.A.,"CONFITE DE CHOCOLATE, M&M´S, S/M M&MS PB SNG 24CT 12CS PH PRODUCTO: 10144825 CONFITE DE CHOCOLATE CON LECHE RELLENO CON CREMA DE CHOCOLATE OSCURO Y SABOR MENTA - M&M´S REGISTRO N°:G2400717",0.0,26.83,3.35,ROJO,2021,10,Octubre
107,1806900000,DEMAS CHOCOLATE Y PREPARACIONES ALIMENTICIAS QUE CONTENGAN CACAO,MASEF IMPORT S.A.C.,817.76,776.88,1556.1,ESTADOS UNIDOS,MARÍTIMO,CRF ADUANAS S.A.C.,DP WORLD CALLAO S.R.L.,"CONFITE DE CHOCOLATE, M&M`S, S/M BOLSAS DE POLIETILENO DE 272.2 G  (9.3 OZ)/ EN BOLSA/ LAMINA DE PAPEL, POLIETILENO, POLIPR ALUMINIZADO DE 2.83 ONZAS (80.2 G) CONFITE DE CHOCOLATE CON LECHE RELLENO CON ALMENDRAS - M&M`S ALMOND CHOCOLATE VIDA UTIL: 365 DIAS/ REGISTRO:  G2400817E/ DR: 2019607358/ VENCE: 18/08/2022",0.0,0.0,0.0,ROJO,2021,10,Octubre
108,1806900000,DEMAS CHOCOLATE Y PREPARACIONES ALIMENTICIAS QUE CONTENGAN CACAO,DISTRIBUIDORA ODET S.A.C.,448.5,398.09,192.0,POLONIA,MARÍTIMO,TLI ADUANAS S.A.C.,NO DECLARADOS,"CREMA CHOCOLATE PARA UNTAR, M&M, S/M CREMA CHOCOLATE PARA UNTAR CHOCO SPREAD ""M&M PARA CONSUMO // R.S. G8900121E NADSOE M&M CHOCO SPREAD X 6 80 CAJAS DE 6 FRASCOS DE POLIETILENO C/U",0.0,45.77,5.72,ROJO,2021,12,Diciembre
109,1806900000,DEMAS CHOCOLATE Y PREPARACIONES ALIMENTICIAS QUE CONTENGAN CACAO,DISTRIBUIDORA ODET S.A.C.,336.37,298.57,144.0,POLONIA,MARÍTIMO,TLI ADUANAS S.A.C.,NO DECLARADOS,"CHOCOLATE DE LECHE CONFITADO, M&M, S/M CHOCOLATE DE LECHE CONFITADO - CHOCOLATE ""M& M`S PARA CONSUMO // R.S. G6358321E NADSOE M&M CHOCOLATE 45 GR X 24 CT, M&M CHOCOLATE 45 GR 50 CAJAS DE 24 BOLSAS  DE 45 GR C/U",0.0,34.33,4.29,ROJO,2021,12,Diciembre
110,1806900000,DEMAS CHOCOLATE Y PREPARACIONES ALIMENTICIAS QUE CONTENGAN CACAO,DISTRIBUIDORA ODET S.A.C.,530.65,471.01,192.0,POLONIA,MARÍTIMO,TLI ADUANAS S.A.C.,NO DECLARADOS,"CREMA CHOCOLATE PARA UNTAR, M&M, S/M CREMA CHOCOLATE PARA UNTAR CHOCO SPREAD ""M&M PARA CONSUMO // R.S. G8900121E NADSOE M&M CHOCO SPREAD X 6 80 CAJAS DE 6 FRASCOS DE POLIETILENO C/U",18.19,51.41,6.43,ROJO,2021,12,Diciembre
111,1806900000,DEMAS CHOCOLATE Y PREPARACIONES ALIMENTICIAS QUE CONTENGAN CACAO,DISTRIBUIDORA ODET S.A.C.,397.99,353.26,144.0,POLONIA,MARÍTIMO,TLI ADUANAS S.A.C.,NO DECLARADOS,"CHOCOLATE DE LECHE CONFITADO, M&M, S/M CHOCOLATE DE LECHE CONFITADO - CHOCOLATE ""M& M`S PARA CONSUMO // R.S. G6358321E NADSOE M&M CHOCOLATE 45 GR X 24CT, M&M CHOCOLATE 45 GR 50 CAJAS DE 24 BOLSAS DE 45 GR C/U",13.64,38.56,4.82,ROJO,2021,12,Diciembre
112,1806900000,DEMAS CHOCOLATE Y PREPARACIONES ALIMENTICIAS QUE CONTENGAN CACAO,DISTRIBUIDORA ODET S.A.C.,1056.71,937.95,403.2,POLONIA,MARÍTIMO,TLI ADUANAS S.A.C.,NO DECLARADOS,"CREMA CHOCOLATE PARA UNTAR, M&M, S/M CREMA CHOCOLATE PARA UNTAR CHOCO SPREAD ""M&M PARA CONSUMO // R.S. G8900121E NADSOE M&M CHOCO SPREAD X 6, M&M 200 gr CREMA PARA UNTAR 168 CAJAS DE 6 FRASCOS  DE POLIETILENO C/U",0.0,99.75,12.47,ROJO,2021,12,Diciembre
113,1806900000,DEMAS CHOCOLATE Y PREPARACIONES ALIMENTICIAS QUE CONTENGAN CACAO,PERUFARMA ,6318.14,5433.2,54194.55,ESTADOS UNIDOS,MARÍTIMO,MIASA INTEGRACION ADUANERA S.A.,EMPRESA NACIONAL DE PUERTOS S.A.,"CHOCOLATE, M&M´S, S/M M&MS PN SNG 1.74OZ 48CT 8CS AF PRODUCTO:10152969 CHOCOLATE CON LECHE CON MANI - CONFITADO ""M&M`S"", en caja cartón de 1 g hasta 50 kg , bols REGISTRO N° G2400315",0.0,8898.21,1112.28,ROJO,2021,11,Noviembre
114,1806900000,DEMAS CHOCOLATE Y PREPARACIONES ALIMENTICIAS QUE CONTENGAN CACAO,PERUFARMA ,35.66,30.67,327.47,ESTADOS UNIDOS,MARÍTIMO,MIASA INTEGRACION ADUANERA S.A.,EMPRESA NACIONAL DE PUERTOS S.A.,"CHOCOLATE, M&M´S, S/M M&MS MILK CHOC PEG PACK 5.3OZ 12/CA PRODUCTO:M0173102 CHOCOLATE CON LECHE CON MANI - CONFITADO ""M&M`S"", en caja cartón de 1 g hasta 50 kg , bols REGISTRO N° G2400315",0.0,53.69,6.71,ROJO,2021,11,Noviembre
115,1806900000,DEMAS CHOCOLATE Y PREPARACIONES ALIMENTICIAS QUE CONTENGAN CACAO,PERUFARMA ,346.14,297.66,4565.23,ESTADOS UNIDOS,MARÍTIMO,MIASA INTEGRACION ADUANERA S.A.,EMPRESA NACIONAL DE PUERTOS S.A.,"BARRA DE CHOCOLATE, M&M´S, S/M M&MS PRETZEL CHOCOLATE 1.14OZ 24CT 12/CA PRODUCTO:M4026500 CONFITE DE CHOCOLATE CON LECHE RELLENO CON GALLETA SALADA - M&M´S PRETZEL CHOCOLATE - CHOC REGISTRO N°: G2400617",0.0,743.46,92.93,ROJO,2021,11,Noviembre
116,1806900000,DEMAS CHOCOLATE Y PREPARACIONES ALIMENTICIAS QUE CONTENGAN CACAO,PERUFARMA ,4597.93,4035.2,43427.32,ESTADOS UNIDOS,MARÍTIMO,MIASA INTEGRACION ADUANERA S.A.,EMPRESA NACIONAL DE PUERTOS S.A.,"CHOCOLATE CON LECHE CON MANI, M&M`S, S/M M&MS PN SNG 1.74OZ 48CT 8CS AF PRODUCTO:10152969 CHOCOLATE CON LECHE CON MANI - CONFITADO ""M&M`S"", EN CAJA CARTÓN DE 1 G HASTA 50 KG , BOLS REGISTRO N°:G2400315E",0.0,7124.13,890.52,ROJO,2021,11,Noviembre
117,1806900000,DEMAS CHOCOLATE Y PREPARACIONES ALIMENTICIAS QUE CONTENGAN CACAO,PERUFARMA ,166.38,146.02,483.24,ESTADOS UNIDOS,MARÍTIMO,MIASA INTEGRACION ADUANERA S.A.,EMPRESA NACIONAL DE PUERTOS S.A.,"CONFITE DE CHOCOLATE CON LECHE, M&M`S, S/M M&MS PB SNG 24CT 12CS PH PRODUCTO:10144825 CONFITE DE CHOCOLATE CON LECHE RELLENO CON CREMA DE MANI - M&M`S PEANUT BUTTER - REGISTRO N°:G2400417E",0.0,83.42,10.43,ROJO,2021,11,Noviembre
118,1806900000,DEMAS CHOCOLATE Y PREPARACIONES ALIMENTICIAS QUE CONTENGAN CACAO,PERUFARMA ,328.39,288.2,770.45,ESTADOS UNIDOS,MARÍTIMO,MIASA INTEGRACION ADUANERA S.A.,EMPRESA NACIONAL DE PUERTOS S.A.,"CHOCOLATE CON LECHE CON MANI, M&M`S, S/M M&MS MILK CHOC PEG PACK 5.3OZ 12/CA PRODUCTO:M0173102 CHOCOLATE CON LECHE CON MANI - CONFITADO ""M&M`S"", EN CAJA CARTÓN DE 1 G HASTA 50 KG , BOLS REGISTRO N°:G2400315E",0.0,135.27,16.91,ROJO,2021,11,Noviembre
119,1806900000,DEMAS CHOCOLATE Y PREPARACIONES ALIMENTICIAS QUE CONTENGAN CACAO,PERUFARMA ,856.5,751.68,41447.17,ESTADOS UNIDOS,MARÍTIMO,MIASA INTEGRACION ADUANERA S.A.,EMPRESA NACIONAL DE PUERTOS S.A.,"CHOCOLATE CON LECHE CONFITADO, M&M`S, S/M M&MS MC SNG DSPN 1.69OZ 36CTR 9CS AF PRODUCTO:10152966 CHOCOLATE CON LECHE CONFITADO - M&M MILK CHOCOLATE - MILK CHOCOLATE M&M`S ORNAMENTS - M&M® REGISTRO N°:G2400515E",0.0,6672.28,834.04,ROJO,2021,11,Noviembre
120,1806900000,DEMAS CHOCOLATE Y PREPARACIONES ALIMENTICIAS QUE CONTENGAN CACAO,PERUFARMA ,4961.33,4354.13,41445.61,ESTADOS UNIDOS,MARÍTIMO,MIASA INTEGRACION ADUANERA S.A.,EMPRESA NACIONAL DE PUERTOS S.A.,"CHOCOLATE CON LECHE CONFITADO, M&M`S, S/M M&MS MC SNG DSPN 1.69OZ 36CTR 9CS AF PRODUCTO:10152966 CHOCOLATE CON LECHE CONFITADO - M&M MILK CHOCOLATE - MILK CHOCOLATE M&M`S ORNAMENTS - M&M® REGISTRO N°:G2400515E",0.0,6814.79,851.85,ROJO,2021,11,Noviembre
121,1806900000,DEMAS CHOCOLATE Y PREPARACIONES ALIMENTICIAS QUE CONTENGAN CACAO,PERUFARMA ,166.38,146.02,43425.69,ESTADOS UNIDOS,MARÍTIMO,MIASA INTEGRACION ADUANERA S.A.,EMPRESA NACIONAL DE PUERTOS S.A.,"CHOCOLATE CON LECHE CON MANI, M&M`S, S/M M&MS PN SNG 1.74OZ 48CT 8CS AF PRODUCTO:10152969 CHOCOLATE CON LECHE CON MANI - CONFITADO ""M&M`S"", EN CAJA CARTÓN DE 1 G HASTA 50 KG , BOLS REGISTRO N°:G2400315E",0.0,6959.41,869.93,ROJO,2021,11,Noviembre
122,1806900000,DEMAS CHOCOLATE Y PREPARACIONES ALIMENTICIAS QUE CONTENGAN CACAO,PERUFARMA ,328.39,288.2,483.22,ESTADOS UNIDOS,MARÍTIMO,MIASA INTEGRACION ADUANERA S.A.,EMPRESA NACIONAL DE PUERTOS S.A.,"CONFITE DE CHOCOLATE CON LECHE, M&M`S, S/M M&MS PB SNG 24CT 12CS PH PRODUCTO:10144825 CONFITE DE CHOCOLATE CON LECHE RELLENO CON CREMA DE MANI - M&M`S PEANUT BUTTER - REGISTRO N°:G2400417E",0.0,89.19,11.15,ROJO,2021,11,Noviembre
123,1806900000,DEMAS CHOCOLATE Y PREPARACIONES ALIMENTICIAS QUE CONTENGAN CACAO,PERUFARMA ,37.28,32.72,770.43,ESTADOS UNIDOS,MARÍTIMO,MIASA INTEGRACION ADUANERA S.A.,EMPRESA NACIONAL DE PUERTOS S.A.,"CHOCOLATE CON LECHE CON MAN, M&M`S, S/M M&MS MILK CHOC PEG PACK 5.3OZ 12/CA PRODUCTO:M0173102 CHOCOLATE CON LECHE CON MANI - CONFITADO ""M&M`S"", EN CAJA CARTÓN DE 1 G HASTA 50 KG , BOLS REGISTRO N°:G2400315E",0.0,124.7,15.59,ROJO,2021,11,Noviembre
124,1806900000,DEMAS CHOCOLATE Y PREPARACIONES ALIMENTICIAS QUE CONTENGAN CACAO,PERUFARMA ,5184.26,4354.13,43426.5,ESTADOS UNIDOS,MARÍTIMO,MIASA INTEGRACION ADUANERA S.A.,EMPRESA NACIONAL DE PUERTOS S.A.,"CHOCOLATE CON LECHE CON MANI, M&M`S, S/M M&MS PN SNG 1.74OZ 48CT 8CS AF PRODUCTO:10152969 CHOCOLATE CON LECHE CON MANI - CONFITADO ""M&M`S"", EN CAJA CARTÓN DE 1 G HASTA 50 KG , BOLS REGISTRO N°:G2400315E",0.0,7134.52,891.82,ROJO,2021,11,Noviembre
125,1806900000,DEMAS CHOCOLATE Y PREPARACIONES ALIMENTICIAS QUE CONTENGAN CACAO,PERUFARMA ,47.53,39.92,483.23,ESTADOS UNIDOS,MARÍTIMO,MIASA INTEGRACION ADUANERA S.A.,EMPRESA NACIONAL DE PUERTOS S.A.,"CONFITE DE CHOCOLATE CON LECHE, M&M`S, S/M M&MS PB SNG 24CT 12CS PH PRODUCTO:10144825 CONFITE DE CHOCOLATE CON LECHE RELLENO CON CREMA DE MANI - M&M`S PEANUT BUTTER - REGISTRO N°:G2400417E",0.0,79.04,9.88,ROJO,2021,11,Noviembre
126,1806900000,DEMAS CHOCOLATE Y PREPARACIONES ALIMENTICIAS QUE CONTENGAN CACAO,PERUFARMA ,85.91,72.16,770.44,ESTADOS UNIDOS,MARÍTIMO,MIASA INTEGRACION ADUANERA S.A.,EMPRESA NACIONAL DE PUERTOS S.A.,"CHOCOLATE CON LECHE CON MANI, M&M`S, S/M M&MS MILK CHOC PEG PACK 5.3OZ 12/CA PRODUCTO:M0173102 CHOCOLATE CON LECHE CON MANI - CONFITADO ""M&M`S"", EN CAJA CARTÓN DE 1 G HASTA 50 KG , BOLS REGISTRO N°:G2400315E",0.0,126.37,15.8,ROJO,2021,11,Noviembre
127,1806900000,DEMAS CHOCOLATE Y PREPARACIONES ALIMENTICIAS QUE CONTENGAN CACAO,PERUFARMA ,4804.53,4035.2,41446.39,ESTADOS UNIDOS,MARÍTIMO,MIASA INTEGRACION ADUANERA S.A.,EMPRESA NACIONAL DE PUERTOS S.A.,"CHOCOLATE CON LECHE CONFITADO, M&M`S, S/M M&MS MC SNG DSPN 1.69OZ 36CTR 9CS AF PRODUCTO:10152966 CHOCOLATE CON LECHE CONFITADO - M&M MILK CHOCOLATE - MILK CHOCOLATE M&M`S ORNAMENTS - M&M® REGISTRO N°:G2400515E",0.0,6804.28,850.53,ROJO,2021,11,Noviembre
128,1806900000,DEMAS CHOCOLATE Y PREPARACIONES ALIMENTICIAS QUE CONTENGAN CACAO,AXIONLOG PERU S.A.C.,3713.01,3442.22,14477.89,ESTADOS UNIDOS,MARÍTIMO,CRF ADUANAS S.A.C.,NEPTUNIA S.A.,"CONFITE SABOR A CHOCOLATE CON LECHE, S/M, S/M M&M MILK MINIS-MC DONALDS, EN BOLSA DE POLIETILENO DE ALTA DENSIDAD DE 3LB, CAJA DE CARTON DE 18LB, CAJA DE 1 A 40KG / VIDA UTIL : 270 DIAS/ DR: 2018024677 COBERTURA MINI PIEZAS M&M/ PRODUCTO CUSTOMIZADO PARA CLIENTE FINAL USO PARA RESTAURANT / PRESENTACION EN CAJAS // 03470-015/ REGISTRO: G9300118E",0.0,0.0,0.0,ROJO,2021,10,Octubre
129,1806900000,DEMAS CHOCOLATE Y PREPARACIONES ALIMENTICIAS QUE CONTENGAN CACAO,AXIONLOG PERU S.A.C.,8555.35,8127.58,29324.26,ESTADOS UNIDOS,MARÍTIMO,CRF ADUANAS S.A.C.,NEPTUNIA S.A.,"CONFITE SABOR A CHOCOLATE CON LECHE, S/M, S/M M&M MILK MINIS-MC DONALDS, EN BOLSA DE POLIETILENO DE ALTA DENSIDAD DE 3LB, CAJA DE CARTON DE 18LB, CAJA DE 1 A 40KG / VIDA UTIL : 270 DIAS/ DR: 2018024677 COBERTURA MINI PIEZAS M&M/ PRODUCTO CUSTOMIZADO PARA CLIENTE FINAL USO PARA RESTAURANT / PRESENTACION EN CAJAS // 03470-015/ REGISTRO: G9300118E",0.0,0.0,0.0,ROJO,2021,10,Octubre
130,1806900000,DEMAS CHOCOLATE Y PREPARACIONES ALIMENTICIAS QUE CONTENGAN CACAO,PERUFARMA ,8776.24,7589.28,77946.6,ESTADOS UNIDOS,MARÍTIMO,MIASA INTEGRACION ADUANERA S.A.,EMPRESA NACIONAL DE PUERTOS S.A.,"CHOCOLATE CON LECHE, M&M`S, S/M M&MS MC SNG DSPN 1.69OZ 36CT 9CS AF PRODCUTO:10152966 CHOCOLATE CON LECHE CONFITADO - M&M MILK CHOCOLATE - MILK CHOCOLATE M&M`S REGISTRO N°: G2400515",0.0,12775.35,1596.92,ROJO,2021,9,Septiembre
131,1806900000,DEMAS CHOCOLATE Y PREPARACIONES ALIMENTICIAS QUE CONTENGAN CACAO,PERUFARMA ,400.06,345.96,4187.82,ESTADOS UNIDOS,MARÍTIMO,MIASA INTEGRACION ADUANERA S.A.,EMPRESA NACIONAL DE PUERTOS S.A.,"CONFITE DE CHOCOLATE, M&M´S, S/M M&MS  PB SNG 24CT 12CS PH PRODUCTO :10144825 CONFITE DE CHOCOLATE CON LECHE RELLENO CON CREMA DE MANI M&M SINGLES CHOCOLATE CANDIES REGISTRO N°: G2400417",0.0,684.02,85.5,ROJO,2021,9,Septiembre
132,1806900000,DEMAS CHOCOLATE Y PREPARACIONES ALIMENTICIAS QUE CONTENGAN CACAO,PERUFARMA ,662.44,572.85,10531.95,ESTADOS UNIDOS,MARÍTIMO,MIASA INTEGRACION ADUANERA S.A.,EMPRESA NACIONAL DE PUERTOS S.A.,"CHOCOLATE, M & MS, S/M M&MS MINIS DISPLAY12/24/30GR PRODUCTO: M0323700 CHOCOLATE CON LECHE CONFITADO EN MINIATURA - M&MS MILK CHOCOLATE MINIS MEGA TUBE CHRISTMAS REGISTRO N°:G2400415",0.0,1708.89,213.61,ROJO,2021,9,Septiembre
133,1806900000,DEMAS CHOCOLATE Y PREPARACIONES ALIMENTICIAS QUE CONTENGAN CACAO,PERUFARMA ,311.93,269.74,4136.56,ESTADOS UNIDOS,MARÍTIMO,MIASA INTEGRACION ADUANERA S.A.,EMPRESA NACIONAL DE PUERTOS S.A.,"CHOCOLATE, M & M`S, S/M M&MS PRETZEL CHOCOLATE 1.14OZ 24CT 12/CA PRODUCTO: M4026500 CONFITE DE CHOCOLATE CON LECHE RELLENO CON GALLETA SALADA- M&M´S PRETZEL CHOCOLATE REGISTRO N°:G2400617",0.0,672.9,84.11,ROJO,2021,9,Septiembre
134,1806900000,DEMAS CHOCOLATE Y PREPARACIONES ALIMENTICIAS QUE CONTENGAN CACAO,PERUFARMA ,8863.14,7589.28,77946.6,ESTADOS UNIDOS,MARÍTIMO,MIASA INTEGRACION ADUANERA S.A.,EMPRESA NACIONAL DE PUERTOS S.A.,"CHOCOLATE CON LECHE, M&M`S, S/M M&MS MC SNG DSPN 1.69OZ 36CT 9CS AF PRODCUTO :10152966 CHOCOLATE CON LECHE CONFITADO - M&M MILK CHOCOLATE - MILK CHOCOLATE M&M`S ORNAMENTS REGISTRO N°: G2400515",0.0,12742.03,1592.75,ROJO,2021,9,Septiembre
135,1806900000,DEMAS CHOCOLATE Y PREPARACIONES ALIMENTICIAS QUE CONTENGAN CACAO,PERUFARMA ,404.02,345.96,4187.82,ESTADOS UNIDOS,MARÍTIMO,MIASA INTEGRACION ADUANERA S.A.,EMPRESA NACIONAL DE PUERTOS S.A.,"CONFITE DE CHOCOLATE, M&M´S, S/M M&MS  PB SNG 24CT 12CS PH PRODUCTO :10144825 CONFITE DE CHOCOLATE CON LECHE RELLENO CON CREMA DE MANI M&M SINGLES CHOCOLATE CANDIES REGISTRO N°: G2400417",0.0,682.5,85.31,ROJO,2021,9,Septiembre
136,1806900000,DEMAS CHOCOLATE Y PREPARACIONES ALIMENTICIAS QUE CONTENGAN CACAO,PERUFARMA ,315.03,269.76,4136.56,ESTADOS UNIDOS,MARÍTIMO,MIASA INTEGRACION ADUANERA S.A.,EMPRESA NACIONAL DE PUERTOS S.A.,"CONFITE DE CHOCOLATE, M&M´S, S/M M&MS PRETZEL CHOCOLATE 1.14OZ 24CT 12/CA PRODUCTO:M4026500 ONFITE DE CHOCOLATE CON LECHE RELLENO CON GALLETA SALADA - M&M´S PRETZEL CHOCOLATE - CHOCO REGISTRO N°: G2400617",0.0,671.71,83.96,ROJO,2021,9,Septiembre
137,1806900000,DEMAS CHOCOLATE Y PREPARACIONES ALIMENTICIAS QUE CONTENGAN CACAO,PERUFARMA ,42.13,36.08,385.2,ESTADOS UNIDOS,MARÍTIMO,MIASA INTEGRACION ADUANERA S.A.,EMPRESA NACIONAL DE PUERTOS S.A.,"CHOCOLATE, M & M`S, S/M M&MS MILK CHOC PEG PACK 5.3OZ 12/CA PRODUCTO: M0173202 CHOCOLATE CON LECHE CON MANI-CONFITADO M&M´S "" EN CAJA CARTON DE 1 G HASTA 50 KG REGISTRO N° G2400315",0.0,62.92,7.87,ROJO,2021,9,Septiembre
138,1806900000,DEMAS CHOCOLATE Y PREPARACIONES ALIMENTICIAS QUE CONTENGAN CACAO,PERUFARMA ,668.98,572.83,10531.95,ESTADOS UNIDOS,MARÍTIMO,MIASA INTEGRACION ADUANERA S.A.,EMPRESA NACIONAL DE PUERTOS S.A.,"CHOCOLATE, M & MS, S/M M&MS MINIS DISPLAY 12/24/30GR PRODUCTO: M0323700 CHOCOLATE CON LECHE CONFITADO EN MINIATURA - M&MS MILK CHOCOLATE MINIS MEGA TUBE CHRISTMAS REGISTRO N°:G2400415",0.0,1706.37,213.3,ROJO,2021,9,Septiembre
139,1806900000,DEMAS CHOCOLATE Y PREPARACIONES ALIMENTICIAS QUE CONTENGAN CACAO,MASEF IMPORT S.A.C.,327.89,325.36,494.0,ESTADOS UNIDOS,MARÍTIMO,CRF ADUANAS S.A.C.,DP WORLD CALLAO S.R.L.,"CONFITE DE CHOCOLATE CON LECHE, M&M`S, S/M BOLSAS DE POLIETILENO DE 272.2 G  (9.3 OZ) 2019607358 /G2400817E NAMSFO CONFITE DE CHOCOLATE CON LECHE RELLENO CON ALMENDRAS - M&M`S ALMOND CHOCOLATE VIDA UTIL: 365 DIAS",32.71,92.46,11.56,ROJO,2021,10,Octubre
140,1806900000,DEMAS CHOCOLATE Y PREPARACIONES ALIMENTICIAS QUE CONTENGAN CACAO,MASEF IMPORT S.A.C.,1398.73,1387.92,2107.32,ESTADOS UNIDOS,MARÍTIMO,CRF ADUANAS S.A.C.,DP WORLD CALLAO S.R.L.,"GRAJEAS DE CHOCOLATE, M&M`S PEANUT FUN SIZE, S/M BOLSAS DE POLIETILENO DE 272.2 G  (10.57 OZ) 2019605312 /G6351819E NAMSFO GRAGEAS DE CHOCOLATE CON LECHE RELLENO CON MANI - M&MS PEANUT VIDA UTIL: 13 MESES",139.53,394.4,49.3,ROJO,2021,10,Octubre
141,1806900000,DEMAS CHOCOLATE Y PREPARACIONES ALIMENTICIAS QUE CONTENGAN CACAO,MASEF IMPORT S.A.C.,2967.42,2944.5,4470.7,ESTADOS UNIDOS,MARÍTIMO,CRF ADUANAS S.A.C.,DP WORLD CALLAO S.R.L.,"GRAJEAS DE CHOCOLATE, M&M`S, S/M BOLSAS DE POLIETILENO DE 272.2 G (9.60 OZ) 2019578627 / ""G2400717E NAMSFO GRAJEAS DE CHOCOLATE CON LECHE RELLENO - M&M`S DARK MINT CHOCOLATE ",296.01,836.72,104.59,ROJO,2021,10,Octubre
142,1806900000,DEMAS CHOCOLATE Y PREPARACIONES ALIMENTICIAS QUE CONTENGAN CACAO,MASEF IMPORT S.A.C.,1803.4,1789.47,2717.0,ESTADOS UNIDOS,MARÍTIMO,CRF ADUANAS S.A.C.,DP WORLD CALLAO S.R.L.,"CHOCOLATE CON LECHE CONFITADO, M&M`S, S/M ENVOLTURA DE POLIETILENO DE  10.10 OZ 2019605317 / ""G66368718E NAMSFO CHOCOLATE CON LECHE CONFITADO M&M MINIS VIDA UTIL: 12 MESES",179.9,508.51,63.56,ROJO,2021,10,Octubre
143,1806900000,DEMAS CHOCOLATE Y PREPARACIONES ALIMENTICIAS QUE CONTENGAN CACAO,AXIONLOG PERU S.A.C.,2473.22,2027.48,7193.73,ESTADOS UNIDOS,MARÍTIMO,CRF ADUANAS S.A.C.,NEPTUNIA S.A.,"CONFITE SABOR A CHOCOLATE CON LECHE, S/M, S/M M&M MILK MINIS-MC DONALDS, EN BOLSA DE POLIETILENO DE ALTA DENSIDAD DE 3LB, CAJA DE CARTON DE 18LB, CAJA DE 1 A 40KG / VIDA UTIL : 270 DIAS/ DR: 2018024677 COBERTURA MINI PIEZAS M&M/ PRODUCTO CUSTOMIZADO PARA CLIENTE FINAL USO PARA RESTAURANT / PRESENTACION EN CAJAS // 03470-015/ REGISTRO: G9300118E",459.23,1298.09,162.26,VERDE,2021,4,Abril
144,1806900000,DEMAS CHOCOLATE Y PREPARACIONES ALIMENTICIAS QUE CONTENGAN CACAO,KIMBAFA IMPORT EXPORT E.I.R.L.,2398.3,2278.38,7193.53,ESTADOS UNIDOS,MARÍTIMO,CRF ADUANAS S.A.C.,CONTRANS S.A.C.,"CONFITE SABOR A CHOCOLATE CON LECHE, S/M, S/M COBERTURA MINI PIEZAS M&M/ PRODUCTO CUSTOMIZADO PARA CLIENTE FINAL M&M MILK MINIS-MC DONALDS, EN BOLSA DE POLIETILENO DE ALTA DENSIDAD DE 3LB, CAJA DE CARTON DE 18LB, CAJA DE 1 A 40KG / VIDA UTIL : 270 DIAS/ DR: 2018024677 USO PARA RESTAURANT / PRESENTACION EN CAJAS // 03470-015/ REGISTRO: G9300118E",0.0,1222.49,152.81,NARANJA,2021,3,Marzo
145,1806900000,DEMAS CHOCOLATE Y PREPARACIONES ALIMENTICIAS QUE CONTENGAN CACAO,PERUFARMA ,1796.93,1552.0,15940.0,ESTADOS UNIDOS,MARÍTIMO,MIASA INTEGRACION ADUANERA S.A.,EMPRESA NACIONAL DE PUERTOS S.A.,"CHOCOLATE CON LECHE, M & M`S, S/M M&MS MC SNG DSPN 1.69OZ 36CT 9CS AF PRODUCTO: 10152966 CHOCOLATE CON LECHE CONFITADO - M&M MILK CHOCOLATE - MILK CHOCOLATE M&M`S ORNAMENTS - M&M® REGISTRO N° G2400515",0.0,2616.6,327.08,VERDE,2021,6,Junio
146,1806900000,DEMAS CHOCOLATE Y PREPARACIONES ALIMENTICIAS QUE CONTENGAN CACAO,PERUFARMA ,173.36,149.73,1598.58,ESTADOS UNIDOS,MARÍTIMO,MIASA INTEGRACION ADUANERA S.A.,EMPRESA NACIONAL DE PUERTOS S.A.,"CHOCOLATE, M & M`S, S/M M&MS MILK CHOC PEG PACK 5.3OZ 12/CA PRODUCTO: M0173102 CHOCOLATE CON LECHE CON MANI - CONFITADO ""M&M`S"", en caja cartón de 1 g hasta 50 kg , bols REGISTRO N° G2400315,FACTURA N° 5580002442-5580002443-5580002444-5580002445",0.0,262.18,32.77,VERDE,2021,6,Junio
147,1806900000,DEMAS CHOCOLATE Y PREPARACIONES ALIMENTICIAS QUE CONTENGAN CACAO,PERUFARMA ,4668.66,4032.3,40214.4,ESTADOS UNIDOS,MARÍTIMO,MIASA INTEGRACION ADUANERA S.A.,EMPRESA NACIONAL DE PUERTOS S.A.,"CHOCOLATE, M & M`S, S/M M&MS PN SNG 1.74OZ 48CT 8CS AF PRODUCTO: 10152969 CHOCOLATE CON LECHE CON MANI - CONFITADO ""M&M`S"", en caja cartón de 1 g hasta 50 kg , bols REGISTRO N° G2400315,FACTURA N° 5580002442-5580002443-5580002444-5580002445",0.0,6605.87,825.73,VERDE,2021,6,Junio
148,1806900000,DEMAS CHOCOLATE Y PREPARACIONES ALIMENTICIAS QUE CONTENGAN CACAO,PERUFARMA ,259.0,223.7,2388.24,ESTADOS UNIDOS,MARÍTIMO,MIASA INTEGRACION ADUANERA S.A.,EMPRESA NACIONAL DE PUERTOS S.A.,"CHOCOLATE, M & M`S, S/M M&MS PEANUT PEG PACK 5.3OZ 12/CA PRODUCTO: M0173202 CHOCOLATE CON LECHE CON MANI - CONFITADO ""M&M`S"", en caja cartón de 1 g hasta 50 kg , bols REGISTRO N° G2400315,FACTURA N° 5580002442-5580002443-5580002444-5580002445",0.0,391.69,48.96,VERDE,2021,6,Junio
149,1806900000,DEMAS CHOCOLATE Y PREPARACIONES ALIMENTICIAS QUE CONTENGAN CACAO,PERUFARMA ,3730.81,3237.2,32284.8,ESTADOS UNIDOS,MARÍTIMO,MIASA INTEGRACION ADUANERA S.A.,EMPRESA NACIONAL DE PUERTOS S.A.,"CHOCOLATE, M & M`S, S/M M&MS PN SNG 1.74OZ 48CT 8CS AF PRODUCTO: 10152969 CHOCOLATE CON LECHE CON MANI - CONFITADO ""M&M`S"", en caja cartón de 1 g hasta 50 kg  REGISTRO N° G2400315",0.0,5283.04,660.38,VERDE,2021,7,Julio
150,1806900000,DEMAS CHOCOLATE Y PREPARACIONES ALIMENTICIAS QUE CONTENGAN CACAO,PERUFARMA ,96.48,83.72,1283.76,ESTADOS UNIDOS,MARÍTIMO,MIASA INTEGRACION ADUANERA S.A.,EMPRESA NACIONAL DE PUERTOS S.A.,"CHOCOLATE, M & M`S, S/M M&MS PRETZEL CHOCOLATE 1.14OZ 24CT 12/CA PRODUCTO:M4026500 CONFITE DE CHOCOLATE CON LECHE RELLENO CON GALLETA SALADA - M&M´S PRETZEL CHOCOLATE - CHOC REGISTRO N°:G2400617",0.0,208.6,26.08,VERDE,2021,7,Julio
151,1806900000,DEMAS CHOCOLATE Y PREPARACIONES ALIMENTICIAS QUE CONTENGAN CACAO,PERUFARMA ,3666.0,3237.2,32284.8,ESTADOS UNIDOS,MARÍTIMO,MIASA INTEGRACION ADUANERA S.A.,EMPRESA NACIONAL DE PUERTOS S.A.,"CHOCOLATE, M & M`S, S/M M&MS PN SNG 1.74OZ 48CT 8CS AF PRODUCTO: 10152969 CHOCOLATE CON LECHE CON MANI - CONFITADO ""M&M`S"", en caja cartón de 1 g hasta 50 kg  REGISTRO N° G2400315",0.0,5283.04,660.38,VERDE,2021,7,Julio
152,1806900000,DEMAS CHOCOLATE Y PREPARACIONES ALIMENTICIAS QUE CONTENGAN CACAO,PERUFARMA ,94.81,83.72,1283.76,ESTADOS UNIDOS,MARÍTIMO,MIASA INTEGRACION ADUANERA S.A.,EMPRESA NACIONAL DE PUERTOS S.A.,"CHOCOLATE, M & M`S, S/M M&MS PRETZEL CHOCOLATE 1.14OZ 24CT 12/CA PRODUCTO:M4026500 CONFITE DE CHOCOLATE CON LECHE RELLENO CON GALLETA SALADA - M&M´S PRETZEL CHOCOLATE - CHOC REGISTRO N°:G2400617",0.0,208.6,26.08,VERDE,2021,7,Julio
153,1806900000,DEMAS CHOCOLATE Y PREPARACIONES ALIMENTICIAS QUE CONTENGAN CACAO,PERUFARMA ,170.59,149.73,1598.58,ESTADOS UNIDOS,MARÍTIMO,MIASA INTEGRACION ADUANERA S.A.,EMPRESA NACIONAL DE PUERTOS S.A.,"CHOCOLATE, M&M`S, S/M M&MS MILK CHOC PEG PACK 5.3OZ 12/CA PRODUCTO M0173102 CHOCOLATE CON LECHE CON MANI - CONFITADO ""M&M`S"", en caja cartón de 1 g hasta 50 kg  REGISTRO N° G2400315",0.0,261.27,32.66,VERDE,2021,7,Julio
154,1806900000,DEMAS CHOCOLATE Y PREPARACIONES ALIMENTICIAS QUE CONTENGAN CACAO,PERUFARMA ,4594.08,4032.3,40214.4,ESTADOS UNIDOS,MARÍTIMO,MIASA INTEGRACION ADUANERA S.A.,EMPRESA NACIONAL DE PUERTOS S.A.,"CHOCOLATE, M&M`S, S/M M&MS PN SNG 1.74OZ 48CT 8CS AF PRODUCTO : 10152969 CHOCOLATE CON LECHE CON MANI - CONFITADO ""M&M`S"", en caja cartón de 1 g hasta 50 kg  REGISTRO N° G2400315",0.0,6581.42,822.68,VERDE,2021,7,Julio
155,1806900000,DEMAS CHOCOLATE Y PREPARACIONES ALIMENTICIAS QUE CONTENGAN CACAO,PERUFARMA ,256.91,225.49,2407.5,ESTADOS UNIDOS,MARÍTIMO,MIASA INTEGRACION ADUANERA S.A.,EMPRESA NACIONAL DE PUERTOS S.A.,"CHOCOLATE, M&M`S, S/M M&MS PEANUT PEG PACK S.3OZ 12/CA PRODUCTO :M0173202 CHOCOLATE CON LECHE CON MANI - CONFITADO ""M&M`S"", en caja cartón de 1 g hasta 50 kg  REGISTRO N° G2400315",0.0,393.48,49.19,VERDE,2021,7,Julio
156,1806900000,DEMAS CHOCOLATE Y PREPARACIONES ALIMENTICIAS QUE CONTENGAN CACAO,PERUFARMA ,1768.22,1552.0,15940.0,ESTADOS UNIDOS,MARÍTIMO,MIASA INTEGRACION ADUANERA S.A.,EMPRESA NACIONAL DE PUERTOS S.A.,"CHOCOLATE, M&M´S, S/M M&MS MC SNG DSPN 1.69OZ 36CT 9CS AF PRODUCTO: 10152966 CHOCOLATE CON LECHE CONFITADO - M&M MILK CHOCOLATE - MILK CHOCOLATE M&M`S ORNAMENTS - M&M REGISTRO N° G2400515",0.0,2607.19,325.9,VERDE,2021,7,Julio
157,1806900000,DEMAS CHOCOLATE Y PREPARACIONES ALIMENTICIAS QUE CONTENGAN CACAO,PERUFARMA ,5209.89,4500.8,46226.0,ESTADOS UNIDOS,MARÍTIMO,MIASA INTEGRACION ADUANERA S.A.,EMPRESA NACIONAL DE PUERTOS S.A.,"CHOCOLATE CON LECHE, M&M`S, S/M M&MS MC SNG DSPN 1.69OZ 36CT 9CS AF PRODUCTO: 10152966 CHOCOLATE CON LECHE CONFITADO - M&M MILK CHOCOLATE - MILK CHOCOLATE M&M`S REGISTRO N° G2400515",0.0,7677.37,959.67,VERDE,2021,9,Septiembre
158,1806900000,DEMAS CHOCOLATE Y PREPARACIONES ALIMENTICIAS QUE CONTENGAN CACAO,PERUFARMA ,2612.43,2265.92,23272.4,ESTADOS UNIDOS,MARÍTIMO,MIASA INTEGRACION ADUANERA S.A.,EMPRESA NACIONAL DE PUERTOS S.A.,"CHOCOLATE CON LECHE, M&M`S, S/M M&MS SNG DSPN 1.69OZ 36CT 9CS AF PRODCUTO  N°: 10152966 CHOCOLATE CON LECHE CONFITADO - M&M MILK CHOCOLATE - MILK CHOCOLATE M&M`S REGISTRO N°: G2400515",0.0,3809.77,476.22,VERDE,2021,9,Septiembre
159,1806900000,DEMAS CHOCOLATE Y PREPARACIONES ALIMENTICIAS QUE CONTENGAN CACAO,PERUFARMA ,46.02,39.92,483.21,ESTADOS UNIDOS,MARÍTIMO,MIASA INTEGRACION ADUANERA S.A.,EMPRESA NACIONAL DE PUERTOS S.A.,"CONFITE DE CHOCOLATE, M&M`S PEANUT BUTTER, S/M M&MS PB SNG 24CT 12CS PH PRODCUTO  N°: 10144825 CONFITE DE CHOCOLATE CON LECHE RELLENO CON CREMA DE MANI - M&M`S PEANUT BUTTER - REGISTRO N°: G2400417",0.0,78.84,9.86,VERDE,2021,9,Septiembre
160,1806900000,DEMAS CHOCOLATE Y PREPARACIONES ALIMENTICIAS QUE CONTENGAN CACAO,PERUFARMA ,71.12,61.69,1134.21,ESTADOS UNIDOS,MARÍTIMO,MIASA INTEGRACION ADUANERA S.A.,EMPRESA NACIONAL DE PUERTOS S.A.,"CHOCOLATE CON LECHE, M&MS MILK CHOCOLATE, S/M M&M`S MINIS DISPLAY 12/24/30GR PRODCUTO  N°: M0323700 CHOCOLATE CON LECHE CONFITADO EN MINIATURA -M&MS MILK CHOCOLATE MINIS MEGA TUBE REGISTRO N°: G2400415",0.0,183.91,22.99,VERDE,2021,9,Septiembre
161,1806900000,DEMAS CHOCOLATE Y PREPARACIONES ALIMENTICIAS QUE CONTENGAN CACAO,PERUFARMA ,2706.42,2347.44,23411.2,ESTADOS UNIDOS,MARÍTIMO,MIASA INTEGRACION ADUANERA S.A.,EMPRESA NACIONAL DE PUERTOS S.A.,"CHOCOLATE CON LECHE, M&M`S, S/M M&MS PN SNG 1.74OZ 48CT 8CS AF PRODCUTO  N°: 10152969 CHOCOLATE CON LECHE CON MANI - CONFITADO ""M&M`S"", EN CAJA CARTÓN DE 1 G HASTA 50 KG , BOLS REGISTRO N°: G2400315",0.0,3834.95,479.37,VERDE,2021,9,Septiembre
162,1806900000,DEMAS CHOCOLATE Y PREPARACIONES ALIMENTICIAS QUE CONTENGAN CACAO,PERUFARMA ,71.12,61.69,1134.21,ESTADOS UNIDOS,MARÍTIMO,MIASA INTEGRACION ADUANERA S.A.,EMPRESA NACIONAL DE PUERTOS S.A.,"CHOCOLATE CON LECHE, M&MS MILK CHOCOLATE, S/M M&M`S MINIS DISPLAY 12/24/30GR PRODCUTO  N°: M0323700 CHOCOLATE CON LECHE CONFITADO EN MINIATURA -M&MS MILK CHOCOLATE MINIS MEGA TUBE REGISTRO N°: G2400415",0.0,183.91,22.99,VERDE,2021,9,Septiembre
163,1806900000,DEMAS CHOCOLATE Y PREPARACIONES ALIMENTICIAS QUE CONTENGAN CACAO,PERUFARMA ,2612.43,2265.92,23272.4,ESTADOS UNIDOS,MARÍTIMO,MIASA INTEGRACION ADUANERA S.A.,EMPRESA NACIONAL DE PUERTOS S.A.,"CHOCOLATE CON LECHE, M&M`S, S/M M&MS MC SNG DSPN 1.69OZ 36CT 9CS AF PRODCUTO  N°: 10152966 CHOCOLATE CON LECHE CONFITADO - M&M MILK CHOCOLATE - MILK CHOCOLATE M&M`S REGISTRO N°: G2400515",0.0,3809.77,476.22,VERDE,2021,9,Septiembre
164,1806900000,DEMAS CHOCOLATE Y PREPARACIONES ALIMENTICIAS QUE CONTENGAN CACAO,PERUFARMA ,2728.26,2366.38,23600.0,ESTADOS UNIDOS,MARÍTIMO,MIASA INTEGRACION ADUANERA S.A.,EMPRESA NACIONAL DE PUERTOS S.A.,"CHOCOLATE CON LECHE, M&M`S, S/M M&MS PN SNG 1.74OZ 48CT 8CS AF PRODCUTO  N°: 10152969 CHOCOLATE CON LECHE CON MANI - CONFITADO ""M&M`S"", EN CAJA CARTÓN DE 1 G HASTA 50 KG , BOLS REGISTRO N°: G2400315",0.0,3865.88,483.24,VERDE,2021,9,Septiembre
165,1806900000,DEMAS CHOCOLATE Y PREPARACIONES ALIMENTICIAS QUE CONTENGAN CACAO,PERUFARMA ,30.67,26.6,322.14,ESTADOS UNIDOS,MARÍTIMO,MIASA INTEGRACION ADUANERA S.A.,EMPRESA NACIONAL DE PUERTOS S.A.,"CONFITE DE CHOCOLATE, M&M`S PEANUT BUTTER, S/M M&MS PB SNG 24CT 12CS PH PRODCUTO  N°: 10144825 CONFITE DE CHOCOLATE CON LECHE RELLENO CON CREMA DE MANI - M&M`S PEANUT BUTTER - REGISTRO N°: G2400417",0.0,52.56,6.57,VERDE,2021,9,Septiembre
166,1806900000,DEMAS CHOCOLATE Y PREPARACIONES ALIMENTICIAS QUE CONTENGAN CACAO,PERUFARMA ,2612.43,2265.92,23272.4,ESTADOS UNIDOS,MARÍTIMO,MIASA INTEGRACION ADUANERA S.A.,EMPRESA NACIONAL DE PUERTOS S.A.,"CHOCOLATE CON LECHE, M&M`S, S/M M&MS MC SNG DSPN 1.69OZ 36CT 9CS AF PRODCUTO  N°: 10152966 CHOCOLATE CON LECHE CONFITADO - M&M MILK CHOCOLATE - MILK CHOCOLATE M&M`S REGISTRO N°: G2400515",0.0,3809.77,476.22,VERDE,2021,9,Septiembre
167,1806900000,DEMAS CHOCOLATE Y PREPARACIONES ALIMENTICIAS QUE CONTENGAN CACAO,PERUFARMA ,30.67,26.61,322.14,ESTADOS UNIDOS,MARÍTIMO,MIASA INTEGRACION ADUANERA S.A.,EMPRESA NACIONAL DE PUERTOS S.A.,"CONFITE DE CHOCOLATE, M&M`S PEANUT BUTTER, S/M M&MS PB SNG 24CT 12CS PH PRODCUTO  N°: 10144825 CONFITE DE CHOCOLATE CON LECHE RELLENO CON CREMA DE MANI - M&M`S PEANUT BUTTER - REGISTRO N°: G2400417",0.0,52.56,6.57,VERDE,2021,9,Septiembre
168,1806900000,DEMAS CHOCOLATE Y PREPARACIONES ALIMENTICIAS QUE CONTENGAN CACAO,PERUFARMA ,60.96,52.88,972.18,ESTADOS UNIDOS,MARÍTIMO,MIASA INTEGRACION ADUANERA S.A.,EMPRESA NACIONAL DE PUERTOS S.A.,"CHOCOLATE CON LECHE, M&MS MILK CHOCOLATE, S/M M&M`S MINIS DISPLAY 12/24/30GR PRODCUTO  N°: M0323700 CHOCOLATE CON LECHE CONFITADO EN MINIATURA -M&MS MILK CHOCOLATE MINIS MEGA TUBE REGISTRO N°: G2400415",0.0,157.64,19.7,VERDE,2021,9,Septiembre
169,1806900000,DEMAS CHOCOLATE Y PREPARACIONES ALIMENTICIAS QUE CONTENGAN CACAO,PERUFARMA ,2706.42,2347.44,23411.2,ESTADOS UNIDOS,MARÍTIMO,MIASA INTEGRACION ADUANERA S.A.,EMPRESA NACIONAL DE PUERTOS S.A.,"CHOCOLATE CON LECHE, M&M`S, S/M M&MS PN SNG 1.74OZ 48CT 8CS AF PRODCUTO  N°: 10152969 CHOCOLATE CON LECHE CON MANI - CONFITADO ""M&M`S"", EN CAJA CARTÓN DE 1 G HASTA 50 KG , BOLS REGISTRO N°: G2400315",0.0,3834.95,479.37,VERDE,2021,9,Septiembre
170,1806900000,DEMAS CHOCOLATE Y PREPARACIONES ALIMENTICIAS QUE CONTENGAN CACAO,PERUFARMA ,2612.43,2265.92,23272.4,ESTADOS UNIDOS,MARÍTIMO,MIASA INTEGRACION ADUANERA S.A.,EMPRESA NACIONAL DE PUERTOS S.A.,"CHOCOLATE CON LECHE, M&M`S, S/M M&MS MC SNG DSPN 1.69OZ 36CT 9CS AF PRODCUTO  N°: 10152966 CHOCOLATE CON LECHE CONFITADO - M&M MILK CHOCOLATE - MILK CHOCOLATE M&M`S REGISTRO N°: G2400515",0.0,3809.77,476.22,VERDE,2021,9,Septiembre
171,1806900000,DEMAS CHOCOLATE Y PREPARACIONES ALIMENTICIAS QUE CONTENGAN CACAO,PERUFARMA ,30.67,26.61,322.14,ESTADOS UNIDOS,MARÍTIMO,MIASA INTEGRACION ADUANERA S.A.,EMPRESA NACIONAL DE PUERTOS S.A.,"CONFITE DE CHOCOLATE, M&M`S PEANUT BUTTER, S/M M&MS PB SNG 24CT 12CS PH PRODCUTO  N°: 10144825 CONFITE DE CHOCOLATE CON LECHE RELLENO CON CREMA DE MANI - M&M`S PEANUT BUTTER - REGISTRO N°: G2400417",0.0,52.56,6.57,VERDE,2021,9,Septiembre
172,1806900000,DEMAS CHOCOLATE Y PREPARACIONES ALIMENTICIAS QUE CONTENGAN CACAO,PERUFARMA ,71.12,61.69,1134.21,ESTADOS UNIDOS,MARÍTIMO,MIASA INTEGRACION ADUANERA S.A.,EMPRESA NACIONAL DE PUERTOS S.A.,"CHOCOLATE CON LECH, M&MS MILK CHOCOLATE, S/M M&M`S MINIS DISPLAY 12/24/30GR PRODCUTO  N°: M0323700 CHOCOLATE CON LECHE CONFITADO EN MINIATURA -M&MS MILK CHOCOLATE MINIS MEGA TUBE REGISTRO N°: G2400415",0.0,183.91,22.99,VERDE,2021,9,Septiembre
173,1806900000,DEMAS CHOCOLATE Y PREPARACIONES ALIMENTICIAS QUE CONTENGAN CACAO,PERUFARMA ,2706.42,2347.44,23411.2,ESTADOS UNIDOS,MARÍTIMO,MIASA INTEGRACION ADUANERA S.A.,EMPRESA NACIONAL DE PUERTOS S.A.,"CHOCOLATE CON LECH, M&M`S, S/M M&MS PN SNG 1.74OZ 48CT 8CS AF PRODCUTO  N°: 10152969 CHOCOLATE CON LECHE CON MANI - CONFITADO ""M&M`S"", EN CAJA CARTÓN DE 1 G HASTA 50 KG , BOLS REGISTRO N°: G2400315",0.0,3834.95,479.37,VERDE,2021,9,Septiembre
174,1806900000,DEMAS CHOCOLATE Y PREPARACIONES ALIMENTICIAS QUE CONTENGAN CACAO,MASEF IMPORT S.A.C.,201.49,198.26,1177.62,ESTADOS UNIDOS,MARÍTIMO,CRF ADUANAS S.A.C.,DP WORLD CALLAO S.R.L.,"CHOCOLATE CON LECHE CONFITADO, M&M`S, S/M ENVOLTURA DE POLIETILENO DE 298.5 G (10.53 OZ) 2019578630 /G2400515E NAMSFO CHOCOLATE CON LECHE CONFITADO M&M VIDA UTIL: 12 MESES",0.0,0.0,0.0,VERDE,2021,9,Septiembre
175,1806900000,DEMAS CHOCOLATE Y PREPARACIONES ALIMENTICIAS QUE CONTENGAN CACAO,MASEF IMPORT S.A.C.,292.62,287.92,3112.2,ESTADOS UNIDOS,MARÍTIMO,CRF ADUANAS S.A.C.,DP WORLD CALLAO S.R.L.,"CONFITE DE CHOCOLATE, M&M`S, S/M BOLSAS DE POLIETILENO DE 272.2 G  (9.3 OZ) 2019607358 /G2400817E NAMSFO CONFITE DE CHOCOLATE CON LECHE RELLENO CON ALMENDRAS - M&M`S ALMOND CHOCOLATE VIDA UTIL: 365 DIAS",0.0,0.0,0.0,VERDE,2021,9,Septiembre
176,1806900000,DEMAS CHOCOLATE Y PREPARACIONES ALIMENTICIAS QUE CONTENGAN CACAO,MASEF IMPORT S.A.C.,109.51,107.75,617.5,ESTADOS UNIDOS,MARÍTIMO,CRF ADUANAS S.A.C.,DP WORLD CALLAO S.R.L.,"GRAJEAS DE CHOCOLATE, M&M`S, S/M BOLSAS DE POLIETILENO DE 272.2 G (9.60 OZ) 2019578063 /66351919E NAMSFO GRAJEAS DE CHOCOLATE CON LECHE RELLENO CON MANÍ - M&M`S PEANUT BUTTER / CHOCOLATE CANDIES ",0.0,0.0,0.0,VERDE,2021,9,Septiembre
177,1806900000,DEMAS CHOCOLATE Y PREPARACIONES ALIMENTICIAS QUE CONTENGAN CACAO,MASEF IMPORT S.A.C.,266.79,262.51,1921.38,ESTADOS UNIDOS,MARÍTIMO,CRF ADUANAS S.A.C.,DP WORLD CALLAO S.R.L.,"GRAGEAS DE CHOCOLATE, M&M`S PEANUT FUN SIZE, S/M BOLSAS DE POLIETILENO DE 272.2 G  (10.57 OZ)/ M&M S PEANUT FUN SIZE/ LAMINA DE PROPOLENO ALUMINIZADO DE 2.83 ONZAS (80.2 G) GRAGEAS DE CHOCOLATE CON LECHE RELLENO CON MANI - M&MS PEANUT VIDA UTIL: 13 MESES/ REGISTRO:  G6351819E/ DR: 2019605312",0.0,0.0,0.0,VERDE,2021,9,Septiembre
178,1806900000,DEMAS CHOCOLATE Y PREPARACIONES ALIMENTICIAS QUE CONTENGAN CACAO,MASEF IMPORT S.A.C.,218.79,207.85,681.78,ESTADOS UNIDOS,MARÍTIMO,CRF ADUANAS S.A.C.,DP WORLD CALLAO S.R.L.,"CHOCOLATE CON LECHE CONFITADO, M&M`S, S/M ENVOLTURA DE POLIETILENO DE 298.5 G (10.53 OZ) 2019578630 /G2400515E NAMSFO CHOCOLATE CON LECHE CONFITADO M&M ",0.0,0.0,0.0,VERDE,2021,8,Agosto
179,1806900000,DEMAS CHOCOLATE Y PREPARACIONES ALIMENTICIAS QUE CONTENGAN CACAO,MASEF IMPORT S.A.C.,959.14,911.18,2988.7,ESTADOS UNIDOS,MARÍTIMO,CRF ADUANAS S.A.C.,DP WORLD CALLAO S.R.L.,"CONFITE DE CHOCOLATE CON LECHE, M&M`S, S/M BOLSAS DE POLIETILENO DE 272.2 G  (9.3 OZ) 2019607358 /G2400817E NAMSFO CONFITE DE CHOCOLATE CON LECHE RELLENO CON ALMENDRAS - M&M`S ALMOND CHOCOLATE ",0.0,0.0,0.0,VERDE,2021,8,Agosto
180,1806900000,DEMAS CHOCOLATE Y PREPARACIONES ALIMENTICIAS QUE CONTENGAN CACAO,MASEF IMPORT S.A.C.,356.7,338.87,1111.5,ESTADOS UNIDOS,MARÍTIMO,CRF ADUANAS S.A.C.,DP WORLD CALLAO S.R.L.,"GRAJEAS DE CHOCOLATE, M&M`S, S/M BOLSAS DE POLIETILENO DE 272.2 G (9.60 OZ) 2019578063 /66351919E NAMSFO GRAJEAS DE CHOCOLATE CON LECHE RELLENO CON MANÍ - M&M`S PEANUT BUTTER / CHOCOLATE CANDIES ",0.0,0.0,0.0,VERDE,2021,8,Agosto
181,1806900000,DEMAS CHOCOLATE Y PREPARACIONES ALIMENTICIAS QUE CONTENGAN CACAO,MASEF IMPORT S.A.C.,1014.43,963.7,3160.98,ESTADOS UNIDOS,MARÍTIMO,CRF ADUANAS S.A.C.,DP WORLD CALLAO S.R.L.,"GRAJEAS DE CHOCOLATE, M&M`S PEANUT FUN SIZE, S/M BOLSAS DE POLIETILENO DE 272.2 G  (10.57 OZ) 2019605312 /G6351819E NAMSFO GRAGEAS DE CHOCOLATE CON LECHE RELLENO CON MANI - M&MS PEANUT ",0.0,0.0,0.0,VERDE,2021,8,Agosto
182,1806900000,DEMAS CHOCOLATE Y PREPARACIONES ALIMENTICIAS QUE CONTENGAN CACAO,AXIONLOG PERU S.A.C.,2692.27,2350.8,7791.53,ESTADOS UNIDOS,MARÍTIMO,CRF ADUANAS S.A.C.,NEPTUNIA S.A.,"CONFITE SABOR A CHOCOLATE CON LECHE, S/M, S/M M&M MILK MINIS-MC DONALDS, EN BOLSA DE POLIETILENO DE ALTA DENSIDAD DE 3LB, CAJA DE CARTON DE 18LB, CAJA DE 1 A 40KG / VIDA UTIL : 270 DIAS/ DR: 2018024677 COBERTURA MINI PIEZAS M&M/ PRODUCTO CUSTOMIZADO PARA CLIENTE FINAL USO PARA RESTAURANT / PRESENTACION EN CAJAS // 03470-015/ REGISTRO: G9300118E",0.0,0.0,0.0,VERDE,2021,9,Septiembre
183,1806900000,DEMAS CHOCOLATE Y PREPARACIONES ALIMENTICIAS QUE CONTENGAN CACAO,AXIONLOG PERU S.A.C.,5454.52,4841.34,14453.04,ESTADOS UNIDOS,MARÍTIMO,CRF ADUANAS S.A.C.,NEPTUNIA S.A.,"CONFITE SABOR A CHOCOLATE CON LECHE, S/M, S/M M&M MILK MINIS-MC DONALDS, EN BOLSA DE POLIETILENO DE ALTA DENSIDAD DE 3LB, CAJA DE CARTON DE 18LB, CAJA DE 1 A 40KG / VIDA UTIL : 270 DIAS/ DR: 2018024677 COBERTURA MINI PIEZAS M&M/ PRODUCTO CUSTOMIZADO PARA CLIENTE FINAL USO PARA RESTAURANT / PRESENTACION EN CAJAS // 03470-015/ REGISTRO: G9300118E",0.0,2430.6,303.82,VERDE,2021,7,Julio
184,1806900000,DEMAS CHOCOLATE Y PREPARACIONES ALIMENTICIAS QUE CONTENGAN CACAO,AXIONLOG PERU S.A.C.,8242.19,7531.86,22839.21,ESTADOS UNIDOS,MARÍTIMO,CRF ADUANAS S.A.C.,NEPTUNIA S.A.,"CONFITE SABOR A CHOCOLATE CON LECHE, S/M, S/M M&M MILK MINIS-MC DONALDS, EN BOLSA DE POLIETILENO DE ALTA DENSIDAD DE 3LB, CAJA DE CARTON DE 18LB, CAJA DE 1 A 40KG / VIDA UTIL : 270 DIAS/ DR: 2018024677 COBERTURA MINI PIEZAS M&M/ PRODUCTO CUSTOMIZADO PARA CLIENTE FINAL USO PARA RESTAURANT / PRESENTACION EN CAJAS // 03470-015/ REGISTRO: G9300118E",0.0,3780.44,472.56,VERDE,2021,7,Julio
185,1806900000,DEMAS CHOCOLATE Y PREPARACIONES ALIMENTICIAS QUE CONTENGAN CACAO,AXIONLOG PERU S.A.C.,9196.83,8357.63,28565.4,ESTADOS UNIDOS,MARÍTIMO,CRF ADUANAS S.A.C.,NEPTUNIA S.A.,"CONFITE SABOR A CHOCOLATE CON LECHE, S/M, S/M M&M MILK MINIS-MC DONALDS, EN BOLSA DE POLIETILENO DE ALTA DENSIDAD DE 3LB, CAJA DE CARTON DE 18LB, CAJA DE 1 A 40KG / VIDA UTIL : 270 DIAS/ DR: 2018024677 COBERTURA MINI PIEZAS M&M/ PRODUCTO CUSTOMIZADO PARA CLIENTE FINAL USO PARA RESTAURANT / PRESENTACION EN CAJAS // 03470-015/ REGISTRO: G9300118E",1767.54,4996.24,624.53,VERDE,2021,8,Agosto
186,1806900000,DEMAS CHOCOLATE Y PREPARACIONES ALIMENTICIAS QUE CONTENGAN CACAO,MASEF IMPORT S.A.C.,291.75,291.75,1086.8,ESTADOS UNIDOS,MARÍTIMO,CRF ADUANAS S.A.C.,DP WORLD CALLAO S.R.L.,"CONFITE DE CHOCOLATE, M&M`S, S/M BOLSAS DE POLIETILENO DE 272.2 G  (9.3 OZ)/ EN BOLSA/ LAMINA DE PAPEL, POLIETILENO, POLIPR ALUMINIZADO DE 2.83 ONZAS (80.2 G) CONFITE DE CHOCOLATE CON LECHE RELLENO CON ALMENDRAS - M&M`S ALMOND CHOCOLATE VIDA UTIL: 365 DIAS/ REGISTRO:  G2400817E/ DR: 2019607358",68.59,193.88,24.23,VERDE,2021,7,Julio
187,1806900000,DEMAS CHOCOLATE Y PREPARACIONES ALIMENTICIAS QUE CONTENGAN CACAO,MASEF IMPORT S.A.C.,149.75,149.75,557.82,ESTADOS UNIDOS,MARÍTIMO,CRF ADUANAS S.A.C.,DP WORLD CALLAO S.R.L.,"GRAGEAS DE CHOCOLATE, M&M`S PEANUT FUN SIZE, S/M BOLSAS DE POLIETILENO DE 272.2 G  (10.57 OZ)/ M&M S PEANUT FUN SIZE/ LAMINA DE PROPOLENO ALUMINIZADO DE 2.83 ONZAS (80.2 G) GRAGEAS DE CHOCOLATE CON LECHE RELLENO CON MANI - M&MS PEANUT VIDA UTIL: 13 MESES/ REGISTRO:  G6351819E/ DR: 2019605312",35.2,99.51,12.44,VERDE,2021,7,Julio
188,1806900000,DEMAS CHOCOLATE Y PREPARACIONES ALIMENTICIAS QUE CONTENGAN CACAO,MASEF IMPORT S.A.C.,84.56,80.33,247.92,ESTADOS UNIDOS,MARÍTIMO,CRF ADUANAS S.A.C.,DP WORLD CALLAO S.R.L.,"CHOCOLATE CON LECHE CONFITADO, M&M`S, S/M ENVOLTURA DE POLIETILENO DE 298.5 G (10.53 OZ) 2019578630 /G2400515E NAMSFO CHOCOLATE CON LECHE CONFITADO M&M ",15.7,55.48,6.93,VERDE,2021,8,Agosto
189,1806900000,DEMAS CHOCOLATE Y PREPARACIONES ALIMENTICIAS QUE CONTENGAN CACAO,MASEF IMPORT S.A.C.,101.09,96.04,296.4,ESTADOS UNIDOS,MARÍTIMO,CRF ADUANAS S.A.C.,DP WORLD CALLAO S.R.L.,"CONFITE DE CHOCOLATE, M&M`S, S/M BOLSAS DE POLIETILENO DE 272.2 G  (9.3 OZ) 2019607358 /G2400817E NAMSFO CONFITE DE CHOCOLATE CON LECHE RELLENO CON ALMENDRAS - M&M`S ALMOND CHOCOLATE ",18.77,66.33,8.29,VERDE,2021,8,Agosto
190,1806900000,DEMAS CHOCOLATE Y PREPARACIONES ALIMENTICIAS QUE CONTENGAN CACAO,MASEF IMPORT S.A.C.,379.11,360.16,1111.5,ESTADOS UNIDOS,MARÍTIMO,CRF ADUANAS S.A.C.,DP WORLD CALLAO S.R.L.,"GRAJEAS DE CHOCOLATE, M&M`S, S/M BOLSAS DE POLIETILENO DE 272.2 G (9.60 OZ) 2019578063 /66351919E NAMSFO GRAJEAS DE CHOCOLATE CON LECHE RELLENO CON MANÍ - M&M`S PEANUT BUTTER / CHOCOLATE CANDIES ",70.4,248.73,31.09,VERDE,2021,8,Agosto
191,1806900000,DEMAS CHOCOLATE Y PREPARACIONES ALIMENTICIAS QUE CONTENGAN CACAO,MASEF IMPORT S.A.C.,232.54,220.91,681.78,ESTADOS UNIDOS,MARÍTIMO,CRF ADUANAS S.A.C.,DP WORLD CALLAO S.R.L.,"GRAGEAS DE CHOCOLATE, M&M`S PEANUT FUN SIZE, S/M BOLSAS DE POLIETILENO DE 272.2 G  (10.57 OZ) 2019605312 /G6351819E NAMSFO GRAGEAS DE CHOCOLATE CON LECHE RELLENO CON MANI - M&MS PEANUT ",43.18,152.57,19.07,VERDE,2021,8,Agosto
192,1806900000,DEMAS CHOCOLATE Y PREPARACIONES ALIMENTICIAS QUE CONTENGAN CACAO,DISTRIBUIDORA ODET S.A.C.,240.75,215.04,96.0,POLONIA,MARÍTIMO,TLI ADUANAS S.A.C.,NO DECLARADOS,"CREMA CHOCOLATE PARA UNTAR, M&M, S/M CREMA CHOCOLATE PARA UNTAR CHOCO SPREAD ""M&M PARA CONSUMO // R.S. G8900121E NADSOE M&M CHOCO SPREAD X 6, M&M 200 gr CREMA PARA UNTAR 40 CAJAS DE 6 FRASCOS DE POLIETILENO C/U",0.0,21.7,2.71,VERDE,2021,9,Septiembre
193,1806900000,DEMAS CHOCOLATE Y PREPARACIONES ALIMENTICIAS QUE CONTENGAN CACAO,DISTRIBUIDORA ODET S.A.C.,72.22,64.51,28.8,POLONIA,MARÍTIMO,TLI ADUANAS S.A.C.,NO DECLARADOS,"CHOCOLATE DE LECHE CONFITADO, M&M, S/M CHOCOLATE DE LECHE CONFITADO - CHOCOLATE ""M& M`S PARA CONSUMO // R.S. G6358321E NADSOE M&M CHOCOLATE 45 GR X 24, M&M CHOCOLATE 45 GR 240 CAJAS DE 24 BOLSAS  DE 45 GR C/U",0.0,6.51,0.81,VERDE,2021,9,Septiembre
194,1806900000,DEMAS CHOCOLATE Y PREPARACIONES ALIMENTICIAS QUE CONTENGAN CACAO,AXIONLOG PERU S.A.C.,4690.36,4129.82,15697.9,ESTADOS UNIDOS,MARÍTIMO,CRF ADUANAS S.A.C.,NEPTUNIA S.A.,"CONFITE SABOR A CHOCOLATE CON LECHE, S/M, S/M M&M MILK MINIS-MC DONALDS, EN BOLSA DE POLIETILENO DE ALTA DENSIDAD DE 3LB, CAJA DE CARTON DE 18LB, CAJA DE 1 A 40KG / VIDA UTIL : 270 DIAS/ DR: 2018024677 COBERTURA MINI PIEZAS M&M/ PRODUCTO CUSTOMIZADO PARA CLIENTE FINAL USO PARA RESTAURANT / PRESENTACION EN CAJAS // 03470-015/ REGISTRO: G9300118E",0.0,0.0,0.0,ROJO,2021,9,Septiembre
195,1806900000,DEMAS CHOCOLATE Y PREPARACIONES ALIMENTICIAS QUE CONTENGAN CACAO,PERUFARMA ,2075.22,1790.02,15940.0,ESTADOS UNIDOS,MARÍTIMO,MIASA INTEGRACION ADUANERA S.A.,EMPRESA NACIONAL DE PUERTOS S.A.,"CHOCOLATE CON LECHE, M & M`S, S/M M&MS MC SNG DSPN 1.69OZ 36CT 9CS AF PRODUCTO: 10152966 CHOCOLATE CON LECHE CONFITADO - M&M MILK CHOCOLATE - MILK CHOCOLATE M&M`S ORNAMENTS - M&M® REGISTRO N° G2400515",0.0,2622.19,327.77,ROJO,2021,8,Agosto
196,1806900000,DEMAS CHOCOLATE Y PREPARACIONES ALIMENTICIAS QUE CONTENGAN CACAO,PERUFARMA ,208.11,179.51,1598.58,ESTADOS UNIDOS,MARÍTIMO,MIASA INTEGRACION ADUANERA S.A.,EMPRESA NACIONAL DE PUERTOS S.A.,"CHOCOLATE, M & M`S, S/M M&MS MILK CHOC PEG PACK. 5.3OZ 12/CA PRODUCTO: M0173102 CHOCOLATE CON LECHE CON MANI-CONFITADO M&M´S "" en caja cartón de 1 g hasta 50 kg , bolsa REGISTRO N° G2400315",0.0,262.97,32.87,ROJO,2021,8,Agosto
197,1806900000,DEMAS CHOCOLATE Y PREPARACIONES ALIMENTICIAS QUE CONTENGAN CACAO,PERUFARMA ,310.92,268.19,2388.24,ESTADOS UNIDOS,MARÍTIMO,MIASA INTEGRACION ADUANERA S.A.,EMPRESA NACIONAL DE PUERTOS S.A.,"CHOCOLATE, M & M`S, S/M M&MS PENAUT PEG PACK 5.3OZ 12/CA PRODUCTO: M0173202 CHOCOLATE CON LECHE CON MANI-CONFITADO M&M´S "" en caja cartón de 1 g hasta 50 kg , bolsa REGISTRO N° G2400315",0.0,392.88,49.11,ROJO,2021,8,Agosto
198,1806900000,DEMAS CHOCOLATE Y PREPARACIONES ALIMENTICIAS QUE CONTENGAN CACAO,PERUFARMA ,5210.92,4494.78,40025.6,ESTADOS UNIDOS,MARÍTIMO,MIASA INTEGRACION ADUANERA S.A.,EMPRESA NACIONAL DE PUERTOS S.A.,"CHOCOLATE, M & M`S, S/M M&MS PN SNG 1.74OZ 48CT 8CS AF PRODUCTO: 10152969 CHOCOLATE CON LECHE CON MANI-CONFITADO M&M´S "" en caja cartón de 1 g hasta 50 kg , bolsa REGISTRO N° G2400315",0.0,6584.37,823.05,ROJO,2021,8,Agosto
199,1806900000,DEMAS CHOCOLATE Y PREPARACIONES ALIMENTICIAS QUE CONTENGAN CACAO,PERUFARMA ,9276.66,7742.78,77219.2,ESTADOS UNIDOS,MARÍTIMO,MIASA INTEGRACION ADUANERA S.A.,EMPRESA NACIONAL DE PUERTOS S.A.,"CHOCOLATE, M&M`S, S/M M&MS PN SNG 1.7OZ 48CT 8CS AF PRODUCTO: 10152969 CHOCOLATE CON LECHE CON MANI - CONFITADO ""M&M`S"", en caja cartón de 1 g hasta 50 kg , bols REGISTRO N° G2400315",0.0,12745.54,1593.19,ROJO,2021,8,Agosto
200,1806900000,DEMAS CHOCOLATE Y PREPARACIONES ALIMENTICIAS QUE CONTENGAN CACAO,PERUFARMA ,66.87,55.81,855.84,ESTADOS UNIDOS,MARÍTIMO,MIASA INTEGRACION ADUANERA S.A.,EMPRESA NACIONAL DE PUERTOS S.A.,"CONFITE DE CHOCOLATE, M&M´S, S/M M&MS PRETZEL CHOCOLATE 1.14OZ 24CT 12/CA PRODUCTO:M4026500 CONFITE DE CHOCOLATE CON LECHE RELLENO CON GALLETA SALADA - M&M´S PRETZEL CHOCOLATE - CHOC REGISTRO N°: G2400617",0.0,139.8,17.48,ROJO,2021,8,Agosto
201,1806900000,DEMAS CHOCOLATE Y PREPARACIONES ALIMENTICIAS QUE CONTENGAN CACAO,PERUFARMA ,268.86,232.8,2391.2,ESTADOS UNIDOS,MARÍTIMO,MIASA INTEGRACION ADUANERA S.A.,NO DECLARADOS,"CHOCOLATE CON LECHE CONFITADO, M&M`S, S/M M&MS MC SNG DSPN 1.69OZ 36CT 9CS AF PRODUCTO N°: 10152966 CHOCOLATE CON LECHE CONFITADO - M&M MILK CHOCOLATE - MILK CHOCOLATE M&M`S ORNAMENTS - M&M® REGISTRO N°: G2400515",0.0,392.25,49.03,ROJO,2022,1,Enero
202,1806900000,DEMAS CHOCOLATE Y PREPARACIONES ALIMENTICIAS QUE CONTENGAN CACAO,PERUFARMA ,286.78,248.32,2550.61,ESTADOS UNIDOS,MARÍTIMO,MIASA INTEGRACION ADUANERA S.A.,NO DECLARADOS,"CHOCOLATE CON LECHE CONFITADO, M&M`S, S/M M&MS MC SNG DSPN 1.69OZ 36CT 9CS AF PRODUCTO N°: 10152966 CHOCOLATE CON LECHE CONFITADO - M&M MILK CHOCOLATE - MILK CHOCOLATE M&M`S ORNAMENTS - M&M® REGISTRO N°: G2400515",0.0,418.4,52.3,ROJO,2022,1,Enero
203,1806900000,DEMAS CHOCOLATE Y PREPARACIONES ALIMENTICIAS QUE CONTENGAN CACAO,PERUFARMA ,4263.37,3691.55,36819.16,ESTADOS UNIDOS,MARÍTIMO,MIASA INTEGRACION ADUANERA S.A.,NO DECLARADOS,"CHOCOLATE CON LECHE CON MANI, M&M`S, S/M M&MS PN SNG 1.74OZ 48CT 8CS AF PRODUCTO N°: 10152969 CHOCOLATE CON LECHE CON MANI - CONFITADO ""M&M`S"", EN CAJA CARTÓN DE 1 G HASTA 50 KG , BOLS REGISTRO N°: G2400315",0.0,6044.03,755.5,ROJO,2022,1,Enero
204,1806900000,DEMAS CHOCOLATE Y PREPARACIONES ALIMENTICIAS QUE CONTENGAN CACAO,PERUFARMA ,46.1,39.92,483.25,ESTADOS UNIDOS,MARÍTIMO,MIASA INTEGRACION ADUANERA S.A.,NO DECLARADOS,"CONFITE DE CHOCOLATE CON LECHE, M&M`S, S/M M&MS PB SNG 24CT 12CS PH PRODUCTO N°: 10144825 CONFITE DE CHOCOLATE CON LECHE RELLENO CON CREMA DE MANI - M&M`S PEANUT BUTTER - SINGLES C REGISTRO N°: G2400417",0.0,78.99,9.87,ROJO,2022,1,Enero
205,1806900000,DEMAS CHOCOLATE Y PREPARACIONES ALIMENTICIAS QUE CONTENGAN CACAO,PERUFARMA ,53.71,46.51,713.26,ESTADOS UNIDOS,MARÍTIMO,MIASA INTEGRACION ADUANERA S.A.,NO DECLARADOS,"CONFITE DE CHOCOLATE, M&M`S, S/M M&MS PRETZEL CHOCOLATE 1.14OZ 24CT 12/CA PRODUCTO N°: M4026500 CONFITE DE CHOCOLATE CON LECHE RELLENO CON GALLETA SALADA - M&M`S PRETZEL CHOCOLATE - CHOC REGISTRO N°: G2400617",0.0,116.09,14.51,ROJO,2022,1,Enero
206,1806900000,DEMAS CHOCOLATE Y PREPARACIONES ALIMENTICIAS QUE CONTENGAN CACAO,PERUFARMA ,712.29,616.76,6361.26,ESTADOS UNIDOS,MARÍTIMO,MIASA INTEGRACION ADUANERA S.A.,NO DECLARADOS,"CHOCOLATE CON LECHE CONFITADO, M&M`S, S/M M&MS MC FS PCH 20LB BULK DW PRODUCTO N°: 10126099 CHOCOLATE CON LECHE CONFITADO - M&M MILK CHOCOLATE - MILK CHOCOLATE M&M`S ORNAMENTS - M&M® REGISTRO N°: G2400515",0.0,1043.4,130.42,ROJO,2022,1,Enero
207,1806900000,DEMAS CHOCOLATE Y PREPARACIONES ALIMENTICIAS QUE CONTENGAN CACAO,PERUFARMA ,68.75,59.53,635.63,ESTADOS UNIDOS,MARÍTIMO,MIASA INTEGRACION ADUANERA S.A.,NO DECLARADOS,"CHOCOLATE CON LECHE CON MAN, M&M`S, S/M M&MS MILK CHOC PEG PACK 5.3OZ 12/CA PRODUCTO N°: M0173102 CHOCOLATE CON LECHE CON MANI - CONFITADO ""M&M`S"", EN CAJA CARTÓN DE 1 G HASTA 50 KG , BOLS REGISTRO N°: G2400315",0.0,104.18,13.02,ROJO,2022,1,Enero
208,1806900000,DEMAS CHOCOLATE Y PREPARACIONES ALIMENTICIAS QUE CONTENGAN CACAO,PERUFARMA ,4285.23,3710.48,37007.98,ESTADOS UNIDOS,MARÍTIMO,MIASA INTEGRACION ADUANERA S.A.,NO DECLARADOS,"CHOCOLATE CON LECHE CON MANI, M&M`S, S/M M&MS PN SNG 1.74OZ 48CT 8CS AF PRODUCTO N°: 10152969 CHOCOLATE CON LECHE CON MANI - CONFITADO ""M&M`S"", EN CAJA CARTÓN DE 1 G HASTA 50 KG , BOLS REGISTRO N°: G2400315",0.0,6075.03,759.38,ROJO,2022,1,Enero
209,1806900000,DEMAS CHOCOLATE Y PREPARACIONES ALIMENTICIAS QUE CONTENGAN CACAO,PERUFARMA ,61.46,53.22,644.33,ESTADOS UNIDOS,MARÍTIMO,MIASA INTEGRACION ADUANERA S.A.,NO DECLARADOS,"CONFITE DE CHOCOLATE CON LECHE, M&M`S, S/M M&MS PB SNG 24CT 12CS PH PRODUCTO N°: 10144825 CONFITE DE CHOCOLATE CON LECHE RELLENO CON CREMA DE MANI - M&M`S PEANUT BUTTER - SINGLES C REGISTRO N°: G2400417",0.0,105.32,13.17,ROJO,2022,1,Enero
210,1806900000,DEMAS CHOCOLATE Y PREPARACIONES ALIMENTICIAS QUE CONTENGAN CACAO,PERUFARMA ,64.45,55.81,855.91,ESTADOS UNIDOS,MARÍTIMO,MIASA INTEGRACION ADUANERA S.A.,NO DECLARADOS,"CONFITE DE CHOCOLATE, M&M`S, S/M M&MS PRETZEL CHOCOLATE 1.14OZ 24CT 12/CA PRODUCTO N°: M4026500 CONFITE DE CHOCOLATE CON LECHE RELLENO CON GALLETA SALADA - M&M`S PRETZEL CHOCOLATE - CHOC REGISTRO N°: G2400617",0.0,139.31,17.41,ROJO,2022,1,Enero
211,1806900000,DEMAS CHOCOLATE Y PREPARACIONES ALIMENTICIAS QUE CONTENGAN CACAO,PERUFARMA ,712.29,616.76,6361.26,ESTADOS UNIDOS,MARÍTIMO,MIASA INTEGRACION ADUANERA S.A.,NO DECLARADOS,"CHOCOLATE CON LECHE CONFITADO, M&M`S, S/M M&MS MC FS PCH 20LB BULK DW PRODUCTO N°: 10126099 CHOCOLATE CON LECHE CONFITADO - M&M MILK CHOCOLATE - MILK CHOCOLATE M&M`S ORNAMENTS - M&M® REGISTRO N°: G2400515",0.0,1043.4,130.42,ROJO,2022,1,Enero
212,1806900000,DEMAS CHOCOLATE Y PREPARACIONES ALIMENTICIAS QUE CONTENGAN CACAO,PERUFARMA ,70.84,61.34,654.89,ESTADOS UNIDOS,MARÍTIMO,MIASA INTEGRACION ADUANERA S.A.,NO DECLARADOS,"CHOCOLATE CON LECHE CON MAN, M&M`S, S/M M&MS MILK CHOC PEG PACK 5.3OZ 12/CA PRODUCTO N°: M0173102 CHOCOLATE CON LECHE CON MANI - CONFITADO ""M&M`S"", EN CAJA CARTÓN DE 1 G HASTA 50 KG , BOLS REGISTRO N°: G2400315",0.0,107.33,13.42,ROJO,2022,1,Enero
213,1806900000,DEMAS CHOCOLATE Y PREPARACIONES ALIMENTICIAS QUE CONTENGAN CACAO,AXIONLOG PERU S.A.C.,8162.63,7532.67,31207.58,ESTADOS UNIDOS,MARÍTIMO,CRF ADUANAS S.A.C.,NEPTUNIA S.A.,"CONFITE SABOR A CHOCOLATE CON LECHE, S/M, S/M M&M MILK MINIS-MC DONALDS, EN BOLSA DE POLIETILENO DE ALTA DENSIDAD DE 3LB, CAJA DE CARTON DE 18LB, CAJA DE 1 A 40KG / VIDA UTIL : 270 DIAS/ DR: 2018024677 COBERTURA MINI PIEZAS M&M/ PRODUCTO CUSTOMIZADO PARA CLIENTE FINAL USO PARA RESTAURANT // 03470-015/ REGISTRO: G9300118E",0.0,5199.46,649.93,ROJO,2021,12,Diciembre
214,1806900000,DEMAS CHOCOLATE Y PREPARACIONES ALIMENTICIAS QUE CONTENGAN CACAO,AXIONLOG PERU S.A.C.,3984.99,3589.94,31277.39,ESTADOS UNIDOS,MARÍTIMO,CRF ADUANAS S.A.C.,NEPTUNIA S.A.,"CONFITE SABOR A CHOCOLATE CON LECHE, S/M, S/M M&M MILK MINIS, EN BOLSA DE POLIETILENO DE ALTA DENSIDAD DE 3LB, CAJA DE CARTON DE 18LB, CAJA DE 1 A 40KG / VIDA UTIL : 270 DIAS/ DR: 2018024677 COBERTURA MINI PIEZAS M&M/ PRODUCTO CUSTOMIZADO PARA CLIENTE FINAL USO PARA RESTAURANT // 03470-015/ REGISTRO: G9300118E",0.0,5074.17,634.27,ROJO,2022,1,Enero
215,1806900000,DEMAS CHOCOLATE Y PREPARACIONES ALIMENTICIAS QUE CONTENGAN CACAO,AXIONLOG PERU S.A.C.,8162.05,7442.85,31052.99,ESTADOS UNIDOS,MARÍTIMO,CRF ADUANAS S.A.C.,NEPTUNIA S.A.,"CONFITE SABOR CHOCOLATE CON LECHE, S/M, S/M M&M MILK MINIS, EN BOLSA DE POLIETILENO DE ALTA DENSIDAD DE 3LB, CAJA DE CARTON DE 18LB, CAJA DE 1 A 40KG / VIDA UTIL : 270 DIAS/ DR: 2018024677 COBERTURA MINI PIEZAS M&M/ PRODUCTO CUSTOMIZADO PARA CLIENTE FINAL USO PARA RESTAURANT // 03470-015/ REGISTRO: G9300118E",0.0,5125.01,640.63,ROJO,2022,1,Enero
